dataset_file,n_rows,n_columns_total,n_features_raw,n_features_numeric_raw,n_features_categorical_raw,n_missing_cells,missing_pct,label_column,n_classes,majority_class_fraction,is_binary,n_rows_used_after_cleaning,n_features_used_after_encoding,c1,c2,cls_coef,density,f1.mean,f1v.mean,f2.mean,f3.mean,f4.mean,hubs.mean,l1.mean,l2.mean,l3.mean,lsc,n1,n2.mean,n3.mean,n4.mean,t1,t2,t3,t4,error
GAMETES_Epistasis_2_Way_1000atts_0.4H_EDM_1_EDM_1_1.csv,1600.0,1001.0,1000.0,1000.0,0.0,0.0,0.0,target,2.0,0.5,True,1600.0,1000.0,1.0,0.0,0.7357293668244498,0.894608348968105,0.9993953111075592,0.13120844783363514,2.2737367544323206e-13,0.9975,0.953125,0.8218846219552899,0.0,0.0,0.188125,0.998787890625,0.606875,0.4998592891920868,0.47625,0.04125,1.0,0.625,0.43,0.688,
GAMETES_Epistasis_2_Way_20atts_0.1H_EDM_1_1.csv,1600.0,21.0,20.0,20.0,0.0,0.0,0.0,target,2.0,0.5,True,1600.0,20.0,1.0,0.0,0.6464854733131354,0.896411038148843,0.9995305398021728,0.9640983859991058,1.0,1.0,1.0,0.7953558443575107,0.16925883677789977,0.44875,0.44437499999999996,0.9990078125,0.645,0.4935574405416774,0.461875,0.35125,0.9325,0.0125,0.01125,0.9,
GAMETES_Epistasis_2_Way_20atts_0.4H_EDM_1_1.csv,1600.0,21.0,20.0,20.0,0.0,0.0,0.0,target,2.0,0.5,True,1600.0,20.0,1.0,0.0,0.6406804420668613,0.8954846779237023,0.9995310345107031,0.963536198510399,0.5,0.99875,0.99875,0.8063369088541066,0.17191727690586234,0.46375,0.44062500000000004,0.99893515625,0.5975,0.4882493357526238,0.42875,0.358125,0.854375,0.0125,0.010625,0.85,
GAMETES_Epistasis_3_Way_20atts_0.2H_EDM_1_1.csv,1600.0,21.0,20.0,20.0,0.0,0.0,0.0,target,2.0,0.5,True,1600.0,20.0,1.0,0.0,0.6404535988093373,0.8949914008755472,0.9991174229525027,0.9320138414304481,1.0,1.0,1.0,0.8040614604864268,0.17413250033305216,0.44499999999999995,0.438125,0.999046875,0.684375,0.4969464679256035,0.484375,0.335625,0.884375,0.0125,0.01125,0.9,
GAMETES_Heterogeneity_20atts_1600_Het_0.4_0.2_50_EDM_2_001.csv,1600.0,21.0,20.0,20.0,0.0,0.0,0.0,target,2.0,0.5,True,1600.0,20.0,1.0,0.0,0.6326754266906992,0.8939086929330832,0.999649104936869,0.9718245567081457,0.5,0.99875,0.99875,0.8009422211941053,0.17383804670208725,0.46875,0.47375,0.99899375,0.649375,0.4869981565612233,0.445,0.415625,0.84625,0.0125,0.010625,0.85,
GAMETES_Heterogeneity_20atts_1600_Het_0.4_0.2_75_EDM_2_001.csv,1600.0,21.0,20.0,20.0,0.0,0.0,0.0,target,2.0,0.5,True,1600.0,20.0,1.0,0.0,0.6442623585772251,0.8955519074421514,0.9994393995526043,0.9575840498515132,1.0,1.0,1.0,0.8087693344647299,0.17221272165517543,0.47062499999999996,0.47375,0.998965234375,0.645,0.48753416817472767,0.44375,0.355625,0.92875,0.0125,0.010625,0.85,
Hill_Valley_with_noise.csv,1212.0,101.0,100.0,100.0,0.0,0.0,0.0,target,2.0,0.5,True,1212.0,100.0,1.0,0.0,0.2273503051318413,0.8987035780374074,0.999130039475872,0.536198143283807,0.0010320521708739134,0.9933993399339934,0.30775577557755773,0.798930601130916,0.1191323698611575,0.3671617161716172,0.45462046204620465,0.9982375093945038,0.5594059405940595,0.4895785719548937,0.39686468646864687,0.504950495049505,0.9694719471947195,0.08250825082508251,0.0008250825082508251,0.01,
Hill_Valley_without_noise.csv,1212.0,101.0,100.0,100.0,0.0,0.0,0.0,target,2.0,0.504950495049505,True,1212.0,100.0,0.9999292854321659,0.0001960399921584477,0.22523801565574875,0.8981544314629646,0.9990274536033003,0.5291393544494541,0.00015919065860860206,0.9942244224422442,0.3572607260726073,0.7424773818282034,0.2002465491357408,0.39191419141914197,0.448019801980198,0.9980067313662059,0.5495049504950495,0.4466713916487845,0.3424092409240924,0.5057755775577558,0.7838283828382838,0.08250825082508251,0.0008250825082508251,0.01,
Wisconsin_Breast_Cancer_without_ID.csv,569.0,31.0,30.0,30.0,0.0,0.0,0.0,fractal_dimension_worst,535.0,0.005272407732864675,False,569.0,30.0,0.996475400346673,0.00010508277526077858,1.0,0.9999257407361568,0.06903486397644262,,,6.30053554552137e-06,0.0,0.9923803100486396,0.0,0.0,2.800238020231719e-06,0.9982425307557118,1.0,0.9702614697849,1.0,0.648506151142355,1.0,0.05272407732864675,0.0017574692442882249,0.03333333333333333,
Wisconsin_Breast_Cancer_without_ID_smoth_diagnosis.csv,714.0,31.0,30.0,30.0,0.0,0.0,0.0,fractal_dimension_worst,535.0,0.0070028011204481795,False,714.0,30.0,0.9823912357814525,0.0005387371318180678,1.0,0.9999214271964045,0.05906678874385142,,,5.833829208816082e-06,0.0,0.9920634798073226,0.0,0.0,0.0,0.997810889061507,1.0,0.6383301177167663,0.6568627450980392,0.6386554621848739,0.7969187675070029,0.04201680672268908,0.0014005602240896359,0.03333333333333333,
adult.csv,,,,,,,,,,,,,,,,,,,,,,,,,,,,,,,,,,,,skipped: 48842 rows (only datasets with < 15000 rows)
agaricus_lepiota.csv,8145.0,23.0,22.0,22.0,0.0,0.0,0.0,target,2.0,0.5190914671577656,True,8145.0,22.0,0.9989480654443034,0.0029116279772647413,0.2900928321282912,0.8561278810749662,,0.07978901074088321,,0.7770411295273174,0.003928790669122161,0.7374722728057944,0.05218486715951687,0.012031921424186631,0.14585635359116023,0.8852291775714951,0.003928790669122161,0.04139596719395936,0.0,0.1572744014732965,0.006507059545733579,0.0027010435850214854,0.0017188459177409454,0.6363636363636364,
analcatdata_aids.csv,50.0,5.0,4.0,4.0,0.0,0.0,0.0,target,2.0,0.5,True,50.0,4.0,1.0,0.0,0.6508313539192399,0.9069387755102041,0.963111559671701,0.5405514015335837,0.1833684995101279,0.76,0.66,0.6963116009826364,0.21618732509489902,0.36,0.21999999999999997,0.9772,0.96,0.8018024149353928,0.9,0.54,0.96,0.08,0.08,1.0,
analcatdata_asbestos.csv,83.0,4.0,3.0,3.0,0.0,0.0,0.0,target,2.0,0.5542168674698795,True,83.0,3.0,0.9915017866855546,0.0232424677187949,0.3429631075541675,0.8724654716426682,0.7702577222202333,0.2665447027152852,0.885185182094574,0.9879518072289156,0.9879518072289156,0.788053401895156,0.13265174504182997,0.19277108433734935,0.14457831325301207,0.9393235592974307,0.4578313253012048,0.2613198682257541,0.2289156626506024,0.3493975903614458,0.3132530120481928,0.03614457831325301,0.03614457831325301,1.0,
analcatdata_bankruptcy.csv,50.0,7.0,6.0,6.0,0.0,0.0,0.0,target,2.0,0.5,True,50.0,6.0,1.0,0.0,0.44893292682926833,0.8489795918367347,0.849921748802378,0.18350881556898044,0.0009027806729922267,0.38,0.0,0.7234411558091637,0.04233758112245245,0.07999999999999996,0.0,0.9072,0.26,0.38670018644996085,0.1,0.08,0.5,0.12,0.1,0.8333333333333334,
analcatdata_boxing1.csv,120.0,4.0,3.0,3.0,0.0,0.0,0.0,target,2.0,0.65,True,120.0,3.0,0.9340680553754911,0.1651376146788991,0.37823656895175084,0.9,0.9689049252223804,0.6750047564035454,0.7272727489471436,0.75,0.75,0.7027273545311424,0.2499999999997865,0.33333333333333337,0.3916666666666667,0.9791666666666666,0.5916666666666667,0.4479231339704741,0.3416666666666667,0.4166666666666667,0.5166666666666667,0.025,0.025,1.0,
analcatdata_boxing2.csv,132.0,4.0,3.0,3.0,0.0,0.0,0.0,target,2.0,0.5378787878787878,True,132.0,3.0,0.9958560657511164,0.011412919424788837,0.3572008296510055,0.9013416608836456,0.9602264812126093,0.6526721978546581,1.0,1.0,1.0,0.7241201099455892,0.18733149930433535,0.3560606060606061,0.303030303030303,0.9829545454545454,0.6893939393939394,0.47977348446176865,0.5,0.36363636363636365,0.6136363636363636,0.022727272727272728,0.022727272727272728,1.0,
analcatdata_creditscore.csv,100.0,7.0,6.0,6.0,0.0,0.0,0.0,target,2.0,0.73,True,100.0,6.0,0.8414646362081756,0.349290194783757,0.3553847482511443,0.8549494949494949,0.9345839903524009,0.27374779215457595,0.0,0.28,0.0,0.7396730231761799,0.0320275447376267,0.06000000000000005,0.010000000000000009,0.9349,0.36,0.3812050550983271,0.2,0.29,0.34,0.06,0.05,0.8333333333333334,
analcatdata_cyyoung8092.csv,97.0,11.0,10.0,10.0,0.0,0.0,0.0,target,2.0,0.7525773195876289,True,97.0,10.0,0.8071675554288905,0.40660457239627434,0.24467687710123265,0.8713487972508591,0.8851541328478687,0.20170916129104086,0.037575236174274204,0.5876288659793815,0.2268041237113402,0.7200271564567176,0.08171663932112061,0.11340206185567014,0.07216494845360821,0.9348496120735466,0.4536082474226804,0.43051022066588274,0.27835051546391754,0.3402061855670103,0.5979381443298969,0.10309278350515463,0.05154639175257732,0.5,
analcatdata_cyyoung9302.csv,92.0,11.0,10.0,10.0,0.0,0.0,0.0,target,2.0,0.7934782608695652,True,92.0,10.0,0.7347813522127804,0.5124780316344464,0.23604795369987608,0.864787386526517,0.8764874799629181,0.16291378400319415,0.08823814217595932,0.7065217391304348,0.25,0.7551629150741885,0.07299735996364198,0.10869565217391308,0.10869565217391308,0.8967391304347826,0.29347826086956524,0.38808689735499674,0.18478260869565216,0.2608695652173913,0.4782608695652174,0.10869565217391304,0.05434782608695652,0.5,
analcatdata_fraud.csv,42.0,12.0,11.0,11.0,0.0,0.0,0.0,target,2.0,0.6904761904761905,True,42.0,11.0,0.8926230133850988,0.25346534653465347,0.6759776536312849,0.8734030197444831,0.952505415068941,0.2048971911668043,0.2857142984867096,0.8809523809523809,0.8809523809523809,0.6153014692624432,0.14837626323258846,0.09523809523809523,0.11904761904761907,0.9178004535147393,0.4523809523809524,0.4710081794649907,0.40476190476190477,0.3333333333333333,0.5476190476190477,0.2619047619047619,0.21428571428571427,0.8181818181818182,
analcatdata_japansolvent.csv,52.0,10.0,9.0,9.0,0.0,0.0,0.0,target,2.0,0.5192307692307693,True,52.0,9.0,0.9989326546260582,0.002954209748892267,0.4716017868538609,0.8484162895927602,0.8446805181152883,0.1437122606746383,0.00010816828714320502,0.5576923076923077,0.0,0.7227492023492387,0.072669012731441,0.11538461538461542,0.07692307692307687,0.8923816568047337,0.38461538461538464,0.4260632300237015,0.25,0.34615384615384615,0.4230769230769231,0.17307692307692307,0.11538461538461539,0.6666666666666666,
analcatdata_lawsuit.csv,264.0,5.0,4.0,4.0,0.0,0.0,0.0,target,2.0,0.928030303030303,True,264.0,4.0,0.37323155189232515,0.8458251912694996,0.3225895825637237,0.8229922802166147,0.8784992537973836,0.13801525706218898,0.1003695514059862,0.26515151515151514,0.07954545454545454,0.5857051424934637,0.00597664866788139,0.022727272727272707,0.007575757575757569,0.6874139118457301,0.056818181818181816,0.1407632585647121,0.03409090909090909,0.17045454545454544,0.07196969696969698,0.015151515151515152,0.011363636363636364,0.75,
appendicitis.csv,106.0,8.0,7.0,7.0,0.0,0.0,0.0,target,2.0,0.8018867924528302,True,106.0,7.0,0.7181384220154764,0.5343073310722671,0.4472581208522529,0.8359389038634322,0.8260444752566667,0.21349584900993815,0.0446421027042825,0.7075471698113207,0.2641509433962264,0.6150477905049043,0.09861944447451831,0.1132075471698113,0.18867924528301883,0.9078853684585262,0.25471698113207547,0.3793831753321258,0.16037735849056603,0.2830188679245283,0.33962264150943394,0.0660377358490566,0.02830188679245283,0.42857142857142855,
backache.csv,180.0,33.0,32.0,32.0,0.0,0.0,0.0,target,2.0,0.8611111111111112,True,180.0,32.0,0.5813214987637029,0.6855983772819473,0.5270257667403874,0.8013656114214773,0.9831281920067322,0.1972227154334,0.0,0.8277777777777777,0.6111111111111112,0.6548248589671897,0.08865729530981004,0.08333333333333337,0.09999999999999998,0.8920370370370371,0.31666666666666665,0.38953437601053,0.2111111111111111,0.17777777777777778,0.4888888888888889,0.17777777777777778,0.12777777777777777,0.71875,
biomed.csv,209.0,9.0,8.0,8.0,0.0,0.0,0.0,target,2.0,0.6411483253588517,True,209.0,8.0,0.9417258626620666,0.1476188456808446,0.46280743851229755,0.8565973500184026,0.8564898070341069,0.15746677764343625,0.0014661937693304901,0.6698564593301436,0.10047846889952153,0.6932342933198676,0.07343941286780942,0.1004784688995215,0.0574162679425837,0.949314347199011,0.22966507177033493,0.34759691912292173,0.10047846889952153,0.11483253588516747,0.430622009569378,0.03827751196172249,0.03349282296650718,0.875,
breast_cancer.csv,286.0,10.0,9.0,9.0,0.0,0.0,0.0,target,2.0,0.7027972027972028,True,286.0,9.0,0.8778446951746506,0.28253474992651073,0.40637243791082467,0.8812170285854496,0.9668039815128915,0.5364365817551126,0.6399999952316284,0.9965034965034965,0.993006993006993,0.6391743976791805,0.17972756622805286,0.26573426573426573,0.26573426573426573,0.9857572497432637,0.43356643356643354,,0.2937062937062937,0.3706293706293706,0.44405594405594406,0.03146853146853147,0.024475524475524476,0.7777777777777778,
bupa.csv,345.0,6.0,5.0,5.0,0.0,0.0,0.0,target,2.0,0.5101449275362319,True,345.0,5.0,0.9997030165587099,0.0008230176192954852,0.4933970746580133,0.8875631951466127,0.969688385401272,0.7014233948857258,0.28694725042045793,0.9855072463768116,0.9478260869565217,0.7514726927904253,0.1843373033093798,0.3536231884057971,0.3536231884057971,0.9929846670867465,0.672463768115942,0.49203203814790925,0.5043478260869565,0.4115942028985507,0.8057971014492754,0.014492753623188406,0.011594202898550725,0.8,
chess.csv,3196.0,37.0,36.0,36.0,0.0,0.0,0.0,target,2.0,0.522215269086358,True,3196.0,36.0,0.9985755386554581,0.003940366873872669,0.5221108952691272,0.8839519665622717,0.9762637783257385,0.12329198059443316,0.0,0.8172715894868585,0.5669586983729662,0.78770981548485,0.026806561785642558,0.026908635794743452,0.03973717146433042,0.9974015156617863,0.18648310387984982,0.34934221372524343,0.09918648310387986,0.33635794743429287,0.3379224030037547,0.011264080100125156,0.007509386733416771,0.6666666666666666,
churn.csv,5000.0,21.0,20.0,20.0,0.0,0.0,0.0,target,2.0,0.8586,True,5000.0,20.0,0.5878935751446988,0.6793238856742458,0.5014157318690868,0.8402734946989397,0.9874088971393704,0.349103828772148,0.11903873856521884,0.9942,0.9696,0.7233420238209483,0.12388181872154258,0.14139999999999997,0.14139999999999997,0.99645144,0.2246,0.4393670860916332,0.1424,0.1838,0.6982,0.004,0.0024,0.6,
clean1.csv,476.0,169.0,168.0,168.0,0.0,0.0,0.0,target,2.0,0.5651260504201681,True,476.0,168.0,0.9877270579926237,0.03336515927436856,0.39027208558556614,0.8895709862892526,0.9777654487458074,0.0012528025098937235,0.0,0.0,0.0,0.8454968534178883,0.0,0.0,0.004201680672268893,0.9830476308170327,0.23109243697478993,0.3695119912354594,0.1092436974789916,0.4789915966386555,0.4789915966386555,0.35294117647058826,0.06722689075630252,0.19047619047619047,
clean2.csv,6598.0,169.0,168.0,168.0,0.0,0.0,0.0,target,2.0,0.8458623825401637,True,6598.0,168.0,0.6200985590130879,0.6472622301079647,0.3690819123508846,0.8597362290436424,0.9821937504085412,0.007705286338450565,0.0,0.0,0.0,0.7617923006911719,0.0,0.0,0.0033343437405274345,0.9909294438383737,0.09866626250378903,0.23778934163499876,0.054410427402243104,0.45438011518642013,0.2140042437102152,0.025462261291300393,0.005304637769020916,0.20833333333333334,
clinical_breast_cancer_RFC_preprocessed.csv,1985.0,17.0,16.0,16.0,0.0,0.0,0.0,RFS_STATUS,2.0,0.5949622166246852,True,1985.0,16.0,0.9738213337200423,0.06963090413031314,0.5103290320697035,0.8980686804257739,0.9896961389429161,0.7123086558085158,0.7143770909098671,0.9959697732997481,0.9934508816120907,0.6745235752327045,0.2225419281523242,0.3586901763224182,0.364735516372796,0.9987460106973587,0.6292191435768262,0.4719182822861714,0.44382871536523927,0.44130982367758187,0.6181360201511334,0.008060453400503778,0.0010075566750629723,0.125,
clinical_breast_cancer_RFC_preprocessed_smoth_RFS_STATUS.csv,2362.0,17.0,16.0,16.0,0.0,0.0,0.0,RFS_STATUS,2.0,0.5,True,2362.0,16.0,1.0,0.0,0.5158456575297016,0.9030254907846638,0.9906662960583973,0.7364919560950117,0.7143770909098671,0.9944961896697714,0.9915325994919559,0.7246261861984821,0.17816268031008398,0.3899237933954276,0.3598645215918713,0.998751219743024,0.6248941574936494,0.3281180930720368,0.29805249788314986,0.4669771380186283,0.5203217612193056,0.006773920406435224,0.000846740050804403,0.125,
coil2000.csv,9822.0,86.0,85.0,85.0,0.0,0.0,0.0,target,2.0,0.9403380166972104,True,9822.0,85.0,0.32610165528193497,0.8736140159901751,0.5420071174377987,0.8095315224166002,0.9973726767167191,0.455627791073238,0.0,0.9913459580533496,0.938810832824272,0.6638511369339613,0.05630293067894754,0.0596619833027896,0.0596619833027896,0.997429473709612,0.15434738342496437,,0.10435756465078395,0.0993687639991855,0.16625941763388313,0.008654041946650377,0.0034616167786601505,0.4,
corral.csv,160.0,7.0,6.0,6.0,0.0,0.0,0.0,target,2.0,0.5625,True,160.0,6.0,0.9886994082884974,0.030769230769230882,0.6796779930731067,0.875943396226415,0.8637757358687589,0.13071733204231334,1.0,1.0,1.0,0.6687669171677212,0.08571287889292367,0.09375,0.05625000000000002,0.966484375,0.23125,0.071875,0.05,0.30625,0.275,0.0375,0.0375,1.0,
datasets_complexity_long.csv,220.0,3.0,2.0,0.0,2.0,2.0,0.30303030303030304,value,167.0,0.0871559633027523,False,218.0,32.0,0.9415281262282061,0.011190962335735466,0.3203661327231122,0.9953917050691244,0.16307341166014144,,,0.0013921138337048605,0.0,0.9539639796476059,0.0,0.0,4.740948395807353e-05,0.9954128440366973,0.9357798165137615,0.8478593272171253,0.926605504587156,0.5779816513761468,1.0,0.14678899082568808,0.12844036697247707,0.875,
datasets_complexity_ranked.csv,10.0,37.0,36.0,33.0,3.0,2.0,0.5405405405405406,avg_all_metrics,10.0,0.1,False,9.0,47.0,1.0,0.0,1.0,1.0,,,,0.0,0.0,0.0,0.0,0.0,0.0,0.8888888888888888,1.0,1.0,1.0,0.0,1.0,5.222222222222222,0.2222222222222222,0.0425531914893617,
datasets_complexity_summary.csv,10.0,36.0,35.0,32.0,3.0,2.0,0.5555555555555556,t4,5.0,0.3,False,9.0,46.0,0.9462651872218008,0.054054054054053835,1.0,0.9166666666666666,,,,0.0,0.0,0.7777777777777778,0.0,0.0,0.0,0.8024691358024691,0.7777777777777778,0.5714494069639422,0.4444444444444444,0.4444444444444444,0.8888888888888888,5.111111111111111,0.2222222222222222,0.043478260869565216,
dis.csv,3772.0,30.0,29.0,29.0,0.0,0.0,0.0,target,2.0,0.9846235418875928,True,3772.0,29.0,0.11462655853364577,0.9687744434361855,0.4849226672368281,0.7903169609676797,,0.4697561587199598,,0.6585365853658537,0.40482502651113467,0.6085035640736844,0.015143618206602927,0.015376458112407176,0.015376458112407176,0.9677557973076157,0.03207847295864263,0.21087295167107714,0.018822905620360552,0.025715800636267234,0.06389183457051961,0.0076882290562036056,0.004506892895015907,0.5862068965517241,
glass2.csv,163.0,10.0,9.0,9.0,0.0,0.0,0.0,target,2.0,0.5337423312883436,True,163.0,9.0,0.9967123557000845,0.009067066316972627,0.3525406797928551,0.871317124895857,0.9650308050409646,0.39354219034061283,0.0011692069947453376,0.9079754601226994,0.6134969325153374,0.7785698393754586,0.12962526207953717,0.245398773006135,0.28220858895705525,0.9519364673115285,0.3006134969325153,0.37480107264981216,0.1901840490797546,0.3312883435582822,0.5030674846625767,0.05521472392638037,0.03067484662576687,0.5555555555555556,
haberman.csv,306.0,4.0,3.0,3.0,0.0,0.0,0.0,target,2.0,0.7352941176470589,True,306.0,3.0,0.833764907210665,0.3626062322946175,0.40835919359388906,0.8796528447444552,0.9710414601892824,0.6654076871256419,0.7177068267574498,0.9705882352941176,0.9673202614379085,0.6195520584485866,0.17238278628988613,0.2679738562091504,0.2647058823529411,0.985838779956427,0.5359477124183006,0.3986639916066508,0.37254901960784315,0.3888888888888889,0.4673202614379085,0.00980392156862745,0.00980392156862745,1.0,
hepatitis.csv,155.0,20.0,19.0,19.0,0.0,0.0,0.0,target,2.0,0.7935483870967742,True,155.0,19.0,0.7346451526501955,0.5126601869621742,0.5351222826086957,0.8371177209886888,0.9361185349201548,0.16207164938260957,0.0,0.8258064516129032,0.567741935483871,0.6824234655711638,0.08819135376528808,0.10322580645161294,0.10967741935483866,0.9306555671175858,0.25161290322580643,0.39075302433758,0.16129032258064516,0.18064516129032257,0.5483870967741935,0.12258064516129032,0.0967741935483871,0.7894736842105263,
hypothyroid.csv,3163.0,26.0,25.0,25.0,0.0,0.0,0.0,target,2.0,0.9522605121719886,True,3163.0,25.0,0.27671573102958635,0.8999857613212614,0.45709625963182277,0.8024479758146005,0.9965224313977743,0.16976009167684403,0.0,0.7840657603540943,0.7189377173569396,0.655479666370022,0.0383930051826471,0.04615871008536199,0.06006955422067661,0.9653743204729759,0.06354726525450521,0.1968884628564873,0.0325640214985773,0.03920328801770471,0.10433133101485931,0.007903888713246918,0.004426177679418274,0.56,
ionosphere.csv,351.0,35.0,34.0,34.0,0.0,0.0,0.0,target,2.0,0.6410256410256411,True,351.0,34.0,0.9418285354475157,0.14738124238733263,0.33031612749877515,0.8431257631257632,,0.12438553561778014,,0.8091168091168092,0.0,0.7206689194546072,0.05537313315970416,0.056980056980056926,0.10541310541310545,0.9101224827720554,0.1737891737891738,0.3228969480299005,0.09116809116809117,0.30484330484330485,0.31339031339031337,0.09686609686609686,0.06837606837606838,0.7058823529411765,
irish.csv,500.0,6.0,5.0,5.0,0.0,0.0,0.0,target,2.0,0.556,True,500.0,5.0,0.99093240356837,0.02477719486758112,0.26238287584591957,0.8642404809619239,0.9214899771884134,0.31024975772384084,0.2799999908357858,0.556,0.0,0.7960827575462022,0.1318635829423993,0.246,0.19399999999999995,0.9433279999999999,0.064,0.13472871114131224,0.022,0.282,0.12,0.01,0.01,1.0,
kr_vs_kp.csv,3196.0,37.0,36.0,36.0,0.0,0.0,0.0,target,2.0,0.522215269086358,True,3196.0,36.0,0.9985755386554581,0.003940366873872669,0.5213520298705588,0.8838996711460531,0.9762637783257385,0.12329198059443508,0.0,0.8172715894868585,0.5669586983729662,0.7717967384948154,0.026847906462329263,0.027221526908635774,0.053817271589486904,0.9974015156617863,0.2881727158948686,0.34934221372524354,0.15988735919899874,0.425531914893617,0.3354192740926158,0.011264080100125156,0.007509386733416771,0.6666666666666666,
labor.csv,57.0,17.0,16.0,16.0,0.0,0.0,0.0,target,2.0,0.6491228070175439,True,57.0,16.0,0.9348490242345946,0.16336913510457896,0.5302197802197802,0.8439849624060151,0.9109259007855719,0.08052422231131447,0.02440087157339244,0.7543859649122807,0.0,0.6733517358128558,0.0,0.0,0.052631578947368474,0.8845798707294552,0.17543859649122806,0.35074268415422233,0.03508771929824561,0.22807017543859648,0.5614035087719298,0.2807017543859649,0.21052631578947367,0.75,
lupus.csv,87.0,4.0,3.0,3.0,0.0,0.0,0.0,target,2.0,0.5977011494252874,True,87.0,3.0,0.972279462096882,0.07355561211504213,0.3574351978171896,0.8834536220261962,0.8720404606030935,0.2962625297461723,0.5828008861540509,0.7011494252873564,0.6781609195402298,0.7242421630195566,0.13284622087938736,0.24137931034482762,0.1839080459770115,0.9637997093407319,0.4942528735632184,0.4117621312694081,0.28735632183908044,0.3333333333333333,0.47126436781609193,0.034482758620689655,0.022988505747126436,0.6666666666666666,
magic.csv,,,,,,,,,,,,,,,,,,,,,,,,,,,,,,,,,,,,skipped: 19020 rows (only datasets with < 15000 rows)
mofn_3_7_10.csv,1324.0,11.0,10.0,10.0,0.0,0.0,0.0,target,2.0,0.7794561933534743,True,1324.0,10.0,0.7611592355158557,0.4760546923900797,0.629079757523568,0.8742067488291053,0.9469053870775284,0.12794130871982165,1.0,1.0,1.0,0.4474298076714101,0.0,0.0,0.04229607250755285,0.9746391279743705,0.19184290030211482,0.20835850851278295,0.08534743202416918,0.18504531722054382,0.22885196374622357,0.0075528700906344415,0.0075528700906344415,1.0,
molecular_biology_promoters.csv,106.0,58.0,57.0,57.0,0.0,0.0,0.0,target,2.0,0.5,True,106.0,57.0,1.0,0.0,0.6300021867483052,0.8767295597484277,0.9693358054715782,0.05061667485551008,0.6666666567325592,0.8584905660377359,0.8584905660377359,0.7554272086816815,0.0,0.0,0.028301886792452824,0.9557671769312923,0.37735849056603776,0.46430682662021955,0.2169811320754717,0.04716981132075472,0.9716981132075472,0.5377358490566038,0.4056603773584906,0.7543859649122807,
monk1.csv,556.0,7.0,6.0,6.0,0.0,0.0,0.0,target,2.0,0.5,True,556.0,6.0,1.0,0.0,0.5742897175354111,0.9111608010888587,0.9956458265697975,0.9051235608042824,1.0,1.0,1.0,0.7119300206471038,0.21763602148601624,0.33453237410071945,0.3866906474820144,0.9945719683246209,0.5485611510791367,0.26001199141844106,0.2607913669064748,0.4550359712230216,0.5107913669064749,0.01079136690647482,0.01079136690647482,1.0,
monk2.csv,601.0,7.0,6.0,6.0,0.0,0.0,0.0,target,2.0,0.6572379367720466,True,601.0,6.0,0.9274373177990278,0.17999002322874513,0.5390028719342806,0.909961175818081,0.9968469257580531,0.9187319483936331,1.0,1.0,1.0,0.6781019434299902,0.255266418835155,0.34276206322795344,0.34276206322795344,0.9884468758392142,0.3427620632279534,0.17852668274699898,0.1064891846921797,0.39434276206322794,0.4475873544093178,0.009983361064891847,0.009983361064891847,1.0,
monk3.csv,554.0,7.0,6.0,6.0,0.0,0.0,0.0,target,2.0,0.51985559566787,True,554.0,6.0,0.9988621511417832,0.0031489915419649073,0.5387855453176953,0.8941448351949655,0.918468925107136,0.21464980055049315,1.0,1.0,1.0,0.6408515654067725,0.09624796012324166,0.1859205776173285,0.13898916967509023,0.9926201305894773,0.4223826714801444,0.2702853659340489,0.16425992779783394,0.3231046931407942,0.4314079422382672,0.010830324909747292,0.010830324909747292,1.0,
mushroom.csv,8124.0,23.0,22.0,22.0,0.0,0.0,0.0,target,2.0,0.517971442639094,True,8124.0,22.0,0.9990678968724604,0.002580448346242159,0.259768626365644,0.8595909045641383,,0.08256837555023917,,0.7991137370753324,0.5809945839487937,0.7836871786034408,0.06986297438477829,0.02855736090595762,0.1571885770556376,0.8748246044023205,0.0034465780403741997,0.03920778443193334,0.0,0.33431806991629737,0.005292959133431807,0.0027080256031511572,0.0017232890201870998,0.6363636363636364,
mux6.csv,128.0,7.0,6.0,6.0,0.0,0.0,0.0,target,2.0,0.5,True,128.0,6.0,1.0,0.0,0.6643973777105396,0.8932086614173228,0.9583333333333334,0.43243243243243246,1.0,1.0,1.0,0.7617412383635678,0.11111111157854858,0.3125,0.3046875,0.984375,0.421875,0.0,0.0,0.3125,0.5,0.046875,0.046875,1.0,
parity5+5.csv,1124.0,11.0,10.0,10.0,0.0,0.0,0.0,target,2.0,0.5044483985765125,True,1124.0,10.0,0.9999429024267611,0.00015829346976115044,0.6749518630364219,0.9187420578458184,0.9999601826846904,0.9984132280256102,1.0,1.0,1.0,0.5681294360515059,0.19426523675318774,0.4813167259786477,0.50355871886121,0.9989520142855334,0.6058718861209964,0.4110320284697509,0.4092526690391459,0.4928825622775801,0.9110320284697508,0.008896797153024912,0.008896797153024912,1.0,
parity5.csv,32.0,6.0,5.0,5.0,0.0,0.0,0.0,target,2.0,0.5,True,32.0,5.0,1.0,0.0,1.0,1.0,1.0,,1.0,1.0,1.0,0.0,2.220446049250313e-16,0.5,0.46875,0.96875,1.0,0.6666666666666667,1.0,0.4375,1.0,0.15625,0.15625,1.0,
phoneme.csv,5404.0,6.0,5.0,5.0,0.0,0.0,0.0,target,2.0,0.7065136935603257,True,5404.0,5.0,0.8731822577241407,0.29146223026212636,0.3357491972768777,0.8710478716692881,0.92969671483076,0.38637777210748897,0.27080915728373917,0.8776831976313841,0.865099925980755,0.7162810067915125,0.14448204451838775,0.22538860103626945,0.19096965210954853,0.980517180025652,0.19578090303478904,0.24627404418777898,0.09085862324204293,0.34252405625462623,0.2796076980014804,0.000925240562546262,0.000925240562546262,1.0,
postoperative_patient_data.csv,88.0,9.0,8.0,8.0,0.0,0.0,0.0,target,2.0,0.7272727272727273,True,88.0,8.0,0.8453509366224364,0.34246575342465746,0.6318306010928961,0.8897596656217346,0.993012286466463,0.7566841309497382,0.375,0.9772727272727273,0.9659090909090909,0.6388591589373674,0.1989590145642296,0.2727272727272727,0.2727272727272727,0.9790805785123967,0.6022727272727273,,0.4431818181818182,0.3409090909090909,0.5113636363636364,0.09090909090909091,0.06818181818181818,0.75,
prnn_crabs.csv,200.0,8.0,7.0,7.0,0.0,0.0,0.0,target,2.0,0.5,True,200.0,7.0,1.0,0.0,0.23077329249940604,0.9029145728643216,0.9141546135259174,0.01949072481240328,0.383666191217507,0.92,0.605,0.8441875398470752,0.0,0.0,0.15000000000000002,0.957575,0.095,0.25853313708366854,0.025,0.21,0.325,0.035,0.01,0.2857142857142857,
prnn_synth.csv,250.0,3.0,2.0,2.0,0.0,0.0,0.0,target,2.0,0.5,True,250.0,2.0,1.0,0.0,0.2531993242832662,0.8583132530120482,0.7070436553204698,0.18746510489719104,0.30033395298327115,0.756,0.632,0.8211706181591392,0.09234890795913786,0.14400000000000002,0.132,0.931472,0.24,0.26726027027294297,0.128,0.14,0.236,0.008,0.008,1.0,
processed.cleveland.csv,303.0,14.0,13.0,11.0,2.0,0.0,0.0,class,5.0,0.5412541254125413,False,303.0,20.0,0.7950040265746733,0.2698113487157905,0.4475964149918523,0.8970777872489235,0.8800962106923812,0.21823197802655786,,0.8658529150538723,0.46157621653567,0.7092476671956974,0.10162817513974158,0.12403322388658818,0.10807529575108203,0.9798167935605442,0.5742574257425742,0.4722950231571669,0.4521452145214521,0.46534653465346537,0.6237623762376238,0.066006600660066,0.009900990099009901,0.15,
profb.csv,672.0,10.0,9.0,9.0,0.0,0.0,0.0,target,2.0,0.6666666666666666,True,672.0,9.0,0.9182958340544894,0.19999999999999996,0.547639490726028,0.892236179121425,0.9903293114562547,0.7097184580846874,0.5363956198937073,0.9910714285714286,0.9836309523809523,0.66398919606504,0.25000000000000155,0.33333333333333337,0.33333333333333337,0.9962022569444444,0.5997023809523809,0.48047396056759084,0.42857142857142855,0.4166666666666667,0.8690476190476191,0.013392857142857142,0.011904761904761904,0.8888888888888888,
ring.csv,7400.0,21.0,20.0,20.0,0.0,0.0,0.0,target,2.0,0.5048648648648648,True,7400.0,20.0,0.9999317106546881,0.00018931735899940794,0.50763210342091,0.8804342807464851,0.9808850700564904,0.3815150196588049,9.65949178425199e-07,0.9462162162162162,0.5944594594594594,0.7753192948275478,0.15746157848333875,0.23364864864864865,0.18472972972972967,0.985986742147553,0.4872972972972973,0.45622587279713733,0.2766216216216216,0.3312162162162162,0.8713513513513513,0.002702702702702703,0.0025675675675675674,0.95,
saheart.csv,462.0,10.0,9.0,9.0,0.0,0.0,0.0,target,2.0,0.6536796536796536,True,462.0,9.0,0.9307388109871576,0.17263107427827817,0.38124642343443094,0.8813420852466406,0.9446142941046999,0.4239397002901329,0.3589539369768228,0.9502164502164502,0.9090909090909091,0.7805341075152971,0.14751181587414464,0.2683982683982684,0.2142857142857143,0.9895944603736812,0.5151515151515151,0.4660502753130787,0.35714285714285715,0.34415584415584416,0.7619047619047619,0.01948051948051948,0.015151515151515152,0.7777777777777778,
sonar.csv,208.0,61.0,60.0,60.0,0.0,0.0,0.0,target,2.0,0.5336538461538461,True,208.0,60.0,0.9967295890208366,0.009019788311090626,0.440033935164717,0.8688684503901896,0.9585574405973621,0.132899423151282,1.0453393242502734e-06,0.9471153846153846,0.0,0.7391957463146142,0.04802293197662599,0.06730769230769229,0.11057692307692313,0.9653984837278107,0.28846153846153844,0.4132694794292603,0.14903846153846154,0.22115384615384615,0.7403846153846154,0.28846153846153844,0.1346153846153846,0.4666666666666667,
spambase.csv,4601.0,58.0,57.0,57.0,0.0,0.0,0.0,target,2.0,0.6059552271245382,True,4601.0,57.0,0.9673602371807668,0.08595230360311157,0.4834768093553229,0.8272585354790547,0.9666240088697067,0.15806776057207783,2.5331485197231238e-33,0.9087154966311671,0.6153010215170616,0.7325635721977747,0.06911721371038282,0.0662899369702239,0.037817865681373575,0.9939964668482292,0.16148663334057814,0.27142954732708213,0.08802434253423169,0.3549228428602478,0.3066724625081504,0.01238861117148446,0.009128450336883287,0.7368421052631579,
spect.csv,267.0,23.0,22.0,22.0,0.0,0.0,0.0,target,2.0,0.7940074906367042,True,267.0,22.0,0.7337524087989602,0.5138526965331776,0.5556132174842385,0.8606065726113035,0.9494484765644661,0.29592398735387154,0.0,0.8576779026217228,0.7902621722846442,0.6190104188854857,0.10457759216562357,0.1235955056179775,0.11985018726591756,0.9741755390032123,0.3258426966292135,,0.27715355805243447,0.299625468164794,0.1797752808988764,0.08239700374531835,0.06741573033707865,0.8181818181818182,
spectf.csv,349.0,45.0,44.0,44.0,0.0,0.0,0.0,target,2.0,0.7277936962750716,True,349.0,44.0,0.8446127584974168,0.3437674222542526,0.5400111438897519,0.8510852023844812,0.948799499337987,0.28573936203519595,3.602688587345971e-19,0.7220630372492837,0.0,0.6773249758600892,0.08349084162854059,0.11174785100286533,0.11747851002865328,0.9602712621407049,0.3954154727793696,0.24637530332099453,0.1346704871060172,0.19197707736389685,0.5845272206303725,0.12607449856733524,0.06876790830945559,0.5454545454545454,
threeOf9.csv,512.0,10.0,9.0,9.0,0.0,0.0,0.0,target,2.0,0.53515625,True,512.0,9.0,0.9964308234404787,0.009839052535681625,0.5773180549957337,0.8821321550880626,0.9487074635206881,0.22555750665410151,1.0,1.0,1.0,0.6864872429976829,0.11579606925319519,0.17578125,0.1875,0.9950599670410156,0.310546875,0.4739583332896776,0.19921875,0.341796875,0.6484375,0.017578125,0.017578125,1.0,
tic_tac_toe.csv,958.0,10.0,9.0,9.0,0.0,0.0,0.0,target,2.0,0.6534446764091858,True,958.0,9.0,0.9309539862507962,0.17214897430790677,0.5507479235841012,0.9010281346326268,0.9927466413388151,0.7737489808760183,1.0,1.0,1.0,0.7329035360742355,0.2573643410852874,0.3465553235908142,0.3465553235908142,0.9969033433431689,0.3768267223382046,0.49141067407894157,0.2588726513569937,0.32045929018789143,0.5615866388308977,0.009394572025052192,0.009394572025052192,1.0,
tokyo1.csv,959.0,45.0,44.0,44.0,0.0,0.0,0.0,target,2.0,0.6392075078206465,True,959.0,44.0,0.9433390515199497,0.14387721121729213,0.2636772038443551,0.8401105013268432,,0.06623956149695544,,0.64859228362878,0.08342022940563086,0.7382980898575745,0.04863174453911567,0.06360792492179357,0.05735140771637126,0.8939360495650122,0.14285714285714285,0.22728763766774726,0.09176225234619395,0.2773722627737226,0.19603753910323254,0.045881126173096975,0.01251303441084463,0.2727272727272727,
twonorm.csv,7400.0,21.0,20.0,20.0,0.0,0.0,0.0,target,2.0,0.5004054054054055,True,7400.0,20.0,0.999999525775866,1.314827477671976e-06,0.532062426676569,0.8272464869248218,0.8333557258372325,0.058478274102842516,0.004116471385508472,0.9902702702702703,0.8952702702702703,0.8012428935476861,0.01896673382872094,0.020270270270270285,0.006756756756756799,0.9896835098612126,0.08864864864864865,0.43897140592870443,0.054864864864864867,0.20905405405405406,0.7598648648648648,0.002702702702702703,0.0025675675675675674,0.95,
wine.csv,178.0,14.0,13.0,13.0,0.0,0.0,0.0,class,3.0,0.398876404494382,False,178.0,13.0,0.9885547930265093,0.018697406258052607,0.3405912813376828,0.825874436615248,0.5617908022761934,0.02727475206183233,2.035426355208124e-05,0.1532643826761474,0.0,0.7825694480539709,0.0,0.0,0.0,0.8547531877288221,0.0898876404494382,0.3579835927600937,0.03932584269662921,0.011235955056179775,0.33146067415730335,0.07303370786516854,0.0056179775280898875,0.07692307692307693,
wine_smoth_class.csv,178.0,14.0,13.0,13.0,0.0,0.0,0.0,class,3.0,0.398876404494382,False,178.0,13.0,0.9885547930265093,0.018697406258052607,0.3405912813376828,0.825874436615248,0.5617908022761934,0.02727475206183233,2.035426355208124e-05,0.1532643826761474,0.0,0.7825694480539708,0.0,0.0,0.002564102564102555,0.8547531877288221,0.0898876404494382,0.3579835927600937,0.03932584269662921,0.011235955056179775,0.33146067415730335,0.07303370786516854,0.0056179775280898875,0.07692307692307693,
xd6.csv,973.0,10.0,9.0,9.0,0.0,0.0,0.0,target,2.0,0.6690647482014388,True,973.0,9.0,0.9158790625676118,0.20520204366000927,0.5946593919890193,0.8779621805201342,0.9595562258836706,0.2756784928685413,1.0,1.0,1.0,0.606020267566871,0.09150326797386177,0.22096608427543685,0.17368961973278518,0.9949003357877492,0.263103802672148,0.024237752643532853,0.008221993833504625,0.2970195272353546,0.3319630010277492,0.009249743062692703,0.009249743062692703,1.0,
