experiment_folder,source,sampling_method,mode,sample_fraction,speedup,speedup_pvalue,delta_mae_vs_baseline,delta_accuracy_vs_baseline,fake_hit_ratio_mean,final_test_mae_mean,final_test_mae_std,final_test_accuracy_mean,final_test_accuracy_std,total_time_sec_mean,total_time_sec_std,mae_pvalue
Wisconsin_Breast_Cancer_without_ID_Gen_50_Pop_1000,baseline,,baseline_simple,1.0,1.0,,0.0,0.0,0.0,0.081578947368421,0.0191045569870405,0.918421052631579,0.0191045569870404,17.636961253484092,5.766877718313418,
Wisconsin_Breast_Cancer_without_ID_Gen_50_Pop_1000,FEC,farthest_point,farthest_point,0.1,1.0475871360134117,0.2674246124136174,-0.0007730865625602,0.0007730865625601,0.0,0.0808058608058607,0.0078360886659168,0.9191941391941392,0.0078360886659168,16.835794032944573,6.665744087823908,0.8333038334513633
Wisconsin_Breast_Cancer_without_ID_Gen_50_Pop_1000,FEC,farthest_point,farthest_point,0.2,1.0788456698557245,0.159739940855263,-0.005559411348885,0.0055594113488849,0.0,0.0760195360195359,0.0074487479457984,0.923980463980464,0.0074487479457984,16.347992809613547,6.671580734499169,0.1359541656399369
Wisconsin_Breast_Cancer_without_ID_Gen_50_Pop_1000,FEC,farthest_point,farthest_point,0.3,1.0969592971396718,0.107438568632392,-0.0064873722768459,0.0064873722768459,0.0,0.075091575091575,0.0059988325555851,0.924908424908425,0.0059988325555851,16.07804528342353,5.917963335890142,0.0816424273362458
Wisconsin_Breast_Cancer_without_ID_Gen_50_Pop_1000,FEC,farthest_point,farthest_point,0.4,0.9809210792437444,0.6005757090375581,-0.0082822440717177,0.0082822440717177,,0.0732967032967032,0.0054107164361824,0.9267032967032968,0.0054107164361825,17.980000253518423,6.190754982759749,0.0289219564047902
Wisconsin_Breast_Cancer_without_ID_Gen_50_Pop_1000,FEC,farthest_point,farthest_point,0.5,1.107329271324699,0.0914764199413272,-0.0067071524966261,0.0067071524966261,0.0,0.0748717948717948,0.007025331630615,0.9251282051282051,0.007025331630615,15.927476776970757,6.391426965418637,0.073645535810531
Wisconsin_Breast_Cancer_without_ID_Gen_50_Pop_1000,FEC,kmeans,kmeans,0.1,1.0765304015999728,0.2034847509868738,3.277424330055956e-05,-3.277424330072609e-05,,0.0816117216117215,0.0071495225780254,0.9183882783882784,0.0071495225780254,16.38315204779307,5.663951983753007,0.9931430542438476
Wisconsin_Breast_Cancer_without_ID_Gen_50_Pop_1000,FEC,stratified,stratified,0.1,1.091662823244414,0.2016671014521107,-0.0037034894929631,0.0037034894929631,0.0,0.0778754578754578,0.0071708851809757,0.9221245421245422,0.0071708851809757,16.156051921844483,7.509768146941669,0.3347392412401941
Wisconsin_Breast_Cancer_without_ID_Gen_50_Pop_1000,FEC,stratified,stratified,0.2,1.0224819116277128,0.4093747025354519,-0.0067071524966261,0.0067071524966261,0.0,0.0748717948717948,0.0079634744273706,0.9251282051282051,0.0079634744273706,17.24916700522105,7.001191399007864,0.088893503680618
Wisconsin_Breast_Cancer_without_ID_Gen_50_Pop_1000,FEC,stratified,stratified,0.3,1.0213031510627395,0.4065076671548829,-0.0078060535955273,0.0078060535955272,0.0,0.0737728937728937,0.0062339974797083,0.9262271062271062,0.0062339974797084,17.26907552878062,6.021231582392297,0.0437553917416542
Wisconsin_Breast_Cancer_without_ID_Gen_50_Pop_1000,FEC,stratified,stratified,0.5,0.9115416392668186,0.8131302060567496,-0.0083921341816078,0.0083921341816077,0.0,0.0731868131868131,0.0065480737053652,0.9268131868131868,0.0065480737053652,19.34849763711293,8.499336901338108,0.0315663677726495
analcatdata_boxing1_Gen_50_Pop_1000,baseline,,baseline_simple,1.0,1.0,,0.0,0.0,0.0,0.3347222222222222,0.128867634741818,0.6652777777777777,0.128867634741818,6.095538671811422,2.0128788675279528,
analcatdata_boxing1_Gen_50_Pop_1000,FEC,farthest_point,farthest_point,0.1,1.2007714491568084,0.0177829424700296,-0.0211805555555555,0.0211805555555555,0.0,0.3135416666666666,0.0336304036687924,0.6864583333333333,0.0336304036687924,5.076352103551229,1.559854588218689,0.3979558886897534
analcatdata_boxing1_Gen_50_Pop_1000,FEC,farthest_point,farthest_point,0.2,1.096485681384122,0.1415179162073184,-0.0329861111111111,0.0329861111111111,0.0,0.3017361111111111,0.0350143957387617,0.6982638888888889,0.0350143957387617,5.559159390131632,1.746887972408121,0.1925000070596938
analcatdata_boxing1_Gen_50_Pop_1000,FEC,farthest_point,farthest_point,0.3,1.1136470368210571,0.1010305580968442,-0.0454861111111111,0.0454861111111112,0.0,0.2892361111111111,0.0405834307740863,0.710763888888889,0.0405834307740863,5.473492471377055,1.6376140487838284,0.0784895434021848
analcatdata_boxing1_Gen_50_Pop_1000,FEC,farthest_point,farthest_point,0.5,1.1315871187049222,0.0895780893859006,-0.0319444444444444,0.0319444444444445,0.0,0.3027777777777777,0.0374549626671161,0.6972222222222223,0.0374549626671161,5.386716206868489,1.9565556682676932,0.2085986176152705
analcatdata_boxing1_Gen_50_Pop_1000,FEC,stratified,stratified,0.1,1.1920458440745034,0.0247286324183735,-0.0128472222222222,0.0128472222222222,0.0,0.3218749999999999,0.0331974225767715,0.678125,0.0331974225767715,5.113510274887085,1.6986676738356392,0.6066276962781882
analcatdata_boxing1_Gen_50_Pop_1000,FEC,stratified,stratified,0.2,0.9301438487317862,0.8173906954849947,-0.0447916666666666,0.0447916666666666,0.0,0.2899305555555555,0.0326185663681526,0.7100694444444444,0.0326185663681526,6.553329014778138,1.8011016858445148,0.078777341509922
analcatdata_boxing1_Gen_50_Pop_1000,FEC,stratified,stratified,0.3,1.164861885625482,0.0389660657131699,-0.0267361111111111,0.0267361111111111,0.0,0.307986111111111,0.0384790532443334,0.6920138888888889,0.0384790532443334,5.232842405637105,1.6245927423108557,0.2918833121098441
analcatdata_boxing1_Gen_50_Pop_1000,FEC,stratified,stratified,0.5,1.055189492442882,0.2657913147503756,-0.0517361111111111,0.0517361111111112,0.0,0.282986111111111,0.0478171773109586,0.717013888888889,0.0478171773109585,5.776724195480346,1.8410040561353385,0.0499535775556266
analcatdata_boxing2_Gen_50_Pop_1000,baseline,,baseline_simple,1.0,1.0,,0.0,0.0,0.0,0.3123456790123456,0.1084805197590798,0.6876543209876543,0.1084805197590798,10.447266936302183,1.8186405545084972,
analcatdata_boxing2_Gen_50_Pop_1000,FEC,farthest_point,farthest_point,0.1,1.0717901244195676,0.0694232113252823,-0.0202821869488536,0.0202821869488535,0.0,0.292063492063492,0.0369128681999965,0.7079365079365079,0.0369128681999965,9.747493187586466,1.7312832296129954,0.3469250702444916
analcatdata_boxing2_Gen_50_Pop_1000,FEC,farthest_point,farthest_point,0.2,0.942155188205394,0.892080104455591,-0.0532980599647266,0.0532980599647265,0.0,0.259047619047619,0.0348975392600921,0.7409523809523809,0.0348975392600922,11.088690129915872,2.075934238824886,0.0165107641688152
analcatdata_boxing2_Gen_50_Pop_1000,FEC,farthest_point,farthest_point,0.3,0.9697618339749616,0.7649460654256461,-0.0672663139329806,0.0672663139329805,0.0,0.245079365079365,0.0145339976409645,0.7549206349206349,0.0145339976409645,10.77302340666453,1.5851107968117863,0.0024346545877748
analcatdata_boxing2_Gen_50_Pop_1000,FEC,farthest_point,farthest_point,0.5,0.923275652562092,0.9428808267687036,-0.0682186948853615,0.0682186948853615,0.0,0.2441269841269841,0.0380542107116263,0.7558730158730159,0.0380542107116263,11.315436410903931,2.2759606678077557,0.0029000140704355
analcatdata_boxing2_Gen_50_Pop_1000,FEC,stratified,stratified,0.1,1.246078228594004,0.000189751276689,-0.0193298059964726,0.0193298059964726,0.0,0.293015873015873,0.0463111389661346,0.7069841269841269,0.0463111389661347,8.384118024508158,2.3024185109112607,0.3828763590528112
analcatdata_boxing2_Gen_50_Pop_1000,FEC,stratified,stratified,0.2,0.9949038750119216,0.5447015089646492,-0.0523456790123456,0.0523456790123456,0.0,0.26,0.020150604536582,0.74,0.020150604536582,10.50078022480011,1.7950123753971825,0.0157538165986236
analcatdata_boxing2_Gen_50_Pop_1000,FEC,stratified,stratified,0.3,0.9619714818678056,0.7846048313324865,-0.0596472663139329,0.0596472663139329,0.0,0.2526984126984127,0.0379149171475139,0.7473015873015872,0.0379149171475139,10.860266788800557,2.132654406087928,0.0082675507411385
analcatdata_boxing2_Gen_50_Pop_1000,FEC,stratified,stratified,0.5,0.9981488796123392,0.5119184477564281,-0.0494885361552028,0.0494885361552027,0.0,0.2628571428571428,0.0559451194207255,0.7371428571428571,0.0559451194207255,10.4666419506073,2.959757400709248,0.0344551003077142
analcatdata_creditscore_Gen_50_Pop_1000,baseline,,baseline_simple,1.0,1.0,,0.0,0.0,0.0,0.0199999999999999,0.0305505046330389,0.98,0.0305505046330389,14.92312060991923,1.8658846302785053,
analcatdata_creditscore_Gen_50_Pop_1000,FEC,farthest_point,farthest_point,0.1,1.078469445696537,0.0383518377699145,0.0249999999999999,-0.0249999999999999,0.0,0.0449999999999999,0.0378593889720018,0.955,0.0378593889720018,13.83731423219045,2.6460809610434035,0.0076625710065074
analcatdata_creditscore_Gen_50_Pop_1000,FEC,farthest_point,farthest_point,0.2,1.042436785940168,0.1342204320964362,-0.00625,0.00625,0.0,0.0137499999999999,0.0081330088733096,0.98625,0.0081330088733096,14.315612045923867,2.25501507663263,0.294757943354362
analcatdata_creditscore_Gen_50_Pop_1000,FEC,farthest_point,farthest_point,0.3,0.9911495082469136,0.597238523132384,-0.0079166666666667,0.0079166666666667,0.0,0.0120833333333332,0.005086064839889,0.9879166666666668,0.005086064839889,15.056376949946086,2.221284337915367,0.1786444206370983
analcatdata_creditscore_Gen_50_Pop_1000,FEC,farthest_point,farthest_point,0.5,0.990840287923325,0.6050035227298406,-0.0116666666666667,0.0116666666666667,0.0,0.0083333333333332,0.006718548123582,0.9916666666666668,0.0067185481235821,15.061075727144877,2.0561685568162504,0.0531466276260562
analcatdata_creditscore_Gen_50_Pop_1000,FEC,stratified,stratified,0.1,1.0403742656845043,0.1539281764135575,0.0333333333333332,-0.0333333333333333,0.0,0.0533333333333332,0.0387208671849631,0.9466666666666668,0.0387208671849631,14.343992447853088,2.3872085310197915,0.0006041686067983
analcatdata_creditscore_Gen_50_Pop_1000,FEC,stratified,stratified,0.2,1.0086910327979897,0.4119255405971098,0.0033333333333332,-0.0033333333333332,0.0,0.0233333333333332,0.0132024829314623,0.9766666666666668,0.0132024829314623,14.794540770848592,2.4700663228106925,0.5926685944631197
analcatdata_creditscore_Gen_50_Pop_1000,FEC,stratified,stratified,0.3,1.0536630729801386,0.0744651794606977,-0.0033333333333333,0.0033333333333332,0.0,0.0166666666666666,0.0122190652488459,0.9833333333333332,0.0122190652488459,14.16308589776357,2.0844901763843406,0.5885585771943654
analcatdata_creditscore_Gen_50_Pop_1000,FEC,stratified,stratified,0.5,1.0097556376614223,0.4050030209815831,-0.005,0.005,0.0,0.0149999999999999,0.0081649658092772,0.985,0.0081649658092772,14.778942600886028,2.61595506083232,0.4006230952924698
analcatdata_lawsuit_Gen_50_Pop_1000,baseline,,baseline_simple,1.0,1.0,,0.0,0.0,0.0,0.0930817610062892,0.0322905601333168,0.9069182389937108,0.0322905601333167,6.649104309082031,2.539229558347527,
analcatdata_lawsuit_Gen_50_Pop_1000,FEC,farthest_point,farthest_point,0.1,1.0082383603956504,0.4656959860275882,-0.0298906077677427,0.0298906077677426,0.0,0.0631911532385465,0.0105502735273706,0.9368088467614534,0.0105502735273706,6.594774182637533,2.2359938873455483,3.501796598582965e-05
analcatdata_lawsuit_Gen_50_Pop_1000,FEC,farthest_point,farthest_point,0.2,0.9948959404590824,0.5193492332530829,-0.0311544308325136,0.0311544308325136,0.0,0.0619273301737756,0.008986706258027,0.9380726698262244,0.0089867062580271,6.683215840657552,2.7859373825617237,1.7551981146719e-05
analcatdata_lawsuit_Gen_50_Pop_1000,FEC,farthest_point,farthest_point,0.3,0.9084488803758318,0.8276682860602118,-0.0338400548451518,0.0338400548451519,0.0,0.0592417061611374,0.0086311458955119,0.9407582938388628,0.0086311458955119,7.319183778762818,2.8096664290401696,4.801784535073735e-06
analcatdata_lawsuit_Gen_50_Pop_1000,FEC,farthest_point,farthest_point,0.5,0.9826480084424032,0.5714629527645267,-0.0341560106113446,0.0341560106113446,0.0,0.0589257503949446,0.0085381163455744,0.9410742496050554,0.0085381163455744,6.766516852378845,2.401688665140385,4.115747958913921e-06
analcatdata_lawsuit_Gen_50_Pop_1000,FEC,stratified,stratified,0.1,1.1031925866923695,0.1653349641288037,-0.0292586962353572,0.0292586962353571,0.0,0.063823064770932,0.0084544001012699,0.936176935229068,0.0084544001012699,6.027147380510966,2.281895212964174,4.205641621274221e-05
analcatdata_lawsuit_Gen_50_Pop_1000,FEC,stratified,stratified,0.2,1.0414959307916682,0.3390582434163016,-0.0298906077677427,0.0298906077677427,0.0,0.0631911532385465,0.0069582039638373,0.9368088467614536,0.0069582039638373,6.3841865460077925,2.2907680608903425,2.9378597055967e-05
analcatdata_lawsuit_Gen_50_Pop_1000,FEC,stratified,stratified,0.3,1.0387952752726402,0.3673819764353836,-0.0303645414170318,0.0303645414170318,0.0,0.0627172195892574,0.0076108622246103,0.9372827804107424,0.0076108622246103,6.400784126917521,2.996412201424376,2.405608714027335e-05
analcatdata_lawsuit_Gen_50_Pop_1000,FEC,stratified,stratified,0.5,0.9150060025485314,0.800136856171372,-0.0313124087156099,0.0313124087156101,0.0,0.0617693522906792,0.0079759276849063,0.9382306477093209,0.0079759276849064,7.2667329947153725,2.986160630955996,1.5576516504275478e-05
appendicitis_Gen_50_Pop_1000,baseline,,baseline_simple,1.0,1.0,,0.0,0.0,0.0,0.1742424242424242,0.0704993340856475,0.8257575757575758,0.0704993340856475,12.802336112658184,2.933204054488141,
appendicitis_Gen_50_Pop_1000,FEC,farthest_point,farthest_point,0.1,1.3107745211871376,8.43168249676814e-05,-0.0325757575757575,0.0325757575757574,0.0,0.1416666666666666,0.0290550992190245,0.8583333333333333,0.0290550992190245,9.76700104077657,2.811484539209054,0.0269088378416949
appendicitis_Gen_50_Pop_1000,FEC,farthest_point,farthest_point,0.2,1.0509461746108173,0.1972679934344917,-0.0722582972582972,0.0722582972582972,0.0,0.1019841269841269,0.0170265380578769,0.898015873015873,0.0170265380578769,12.181723880767825,2.5636306803773063,6.636808115565765e-06
appendicitis_Gen_50_Pop_1000,FEC,farthest_point,farthest_point,0.3,1.072254459058058,0.1414681410709423,-0.079004329004329,0.0790043290043289,0.0,0.0952380952380952,0.0223775748886852,0.9047619047619048,0.0223775748886852,11.939643621444702,3.1255573780171177,1.6734211333280383e-06
appendicitis_Gen_50_Pop_1000,FEC,farthest_point,farthest_point,0.5,0.9418131319787116,0.8525379329097125,-0.0909090909090909,0.0909090909090908,0.0,0.0833333333333333,0.0184427778390829,0.9166666666666666,0.0184427778390829,13.59328690369924,2.7632994899543197,1.1935302084141253e-07
appendicitis_Gen_50_Pop_1000,FEC,stratified,stratified,0.1,1.2632841667853345,0.0003306943046947,-0.0385281385281385,0.0385281385281384,0.0,0.1357142857142856,0.0329054165740125,0.8642857142857142,0.0329054165740125,10.13416968981425,2.7055818855974323,0.0109048667725307
appendicitis_Gen_50_Pop_1000,FEC,stratified,stratified,0.2,1.0372314896558432,0.2668924923248136,-0.0655122655122655,0.0655122655122654,0.0,0.1087301587301586,0.018629673959215,0.8912698412698412,0.018629673959215,12.342795451482138,2.6501432189832865,2.9635898672595656e-05
appendicitis_Gen_50_Pop_1000,FEC,stratified,stratified,0.3,0.9457531051791788,0.852387942205505,-0.0813852813852813,0.0813852813852813,0.0,0.0928571428571428,0.0160897896291375,0.9071428571428573,0.0160897896291374,13.536657762527463,2.323528501445717,9.08792269406036e-07
appendicitis_Gen_50_Pop_1000,FEC,stratified,stratified,0.5,0.9257857473484506,0.9295276345474814,-0.0829725829725829,0.0829725829725829,0.0,0.0912698412698412,0.0148478467729124,0.9087301587301588,0.0148478467729124,13.82861655553182,2.2539147103875923,6.411501536822626e-07
backache_Gen_50_Pop_1000,baseline,,baseline_simple,1.0,1.0,,0.0,0.0,0.0,0.1768518518518518,0.0534235990250061,0.8231481481481482,0.0534235990250061,15.724682585398355,3.456578368009495,
backache_Gen_50_Pop_1000,FEC,farthest_point,farthest_point,0.1,1.6113840890695743,1.8163451754743784e-10,-0.0555555555555555,0.0555555555555554,0.0,0.1212962962962962,0.0118576374767275,0.8787037037037037,0.0118576374767275,9.758494385083516,2.2554034503171216,5.17763881748192e-06
backache_Gen_50_Pop_1000,FEC,farthest_point,farthest_point,0.2,1.2915985525681457,0.0001249837466162,-0.0576388888888888,0.0576388888888887,0.0,0.1192129629629629,0.0134279213076603,0.880787037037037,0.0134279213076603,12.174589816729227,3.470524515655199,2.931779096643049e-06
backache_Gen_50_Pop_1000,FEC,farthest_point,farthest_point,0.3,1.0728714792830614,0.1352063654693052,-0.0680555555555555,0.0680555555555555,0.0,0.1087962962962962,0.0108079791943784,0.8912037037037037,0.0108079791943784,14.656632121404012,3.842388825020608,1.5013803332939277e-07
backache_Gen_50_Pop_1000,FEC,farthest_point,farthest_point,0.5,1.0475141368825138,0.2177661477698043,-0.0664351851851852,0.0664351851851851,0.0,0.1104166666666666,0.0105088513544594,0.8895833333333333,0.0105088513544594,15.011427561442057,3.4613912021571163,2.3562676566146295e-07
backache_Gen_50_Pop_1000,FEC,stratified,stratified,0.1,2.3815874980833085,1.6613558081388175e-16,-0.0451388888888888,0.0451388888888888,0.0,0.1317129629629629,0.0124849875557053,0.868287037037037,0.0124849875557053,6.602605446179708,2.2123315077673302,0.0001021353307761
backache_Gen_50_Pop_1000,FEC,stratified,stratified,0.2,1.5669177519865445,1.4181999519474014e-08,-0.0627314814814814,0.0627314814814814,0.0,0.1141203703703703,0.0143088513523385,0.8858796296296296,0.0143088513523384,10.035423088073731,3.297588291804415,6.904026809955451e-07
backache_Gen_50_Pop_1000,FEC,stratified,stratified,0.3,1.459439307851662,2.154566010365831e-08,-0.0643518518518518,0.0643518518518517,0.0,0.1124999999999999,0.0116754816786282,0.8875,0.0116754816786282,10.774468318621318,2.262335512921074,4.239565429617305e-07
backache_Gen_50_Pop_1000,FEC,stratified,stratified,0.5,1.2718313122543663,0.0001100169193473,-0.0655092592592592,0.0655092592592592,0.0,0.1113425925925925,0.0115485830400615,0.8886574074074074,0.0115485830400614,12.363811484972636,3.013395291589961,3.059548458588859e-07
biomed_Gen_50_Pop_1000,baseline,,baseline_simple,1.0,1.0,,0.0,0.0,0.0,0.2055555555555555,0.0674789890126983,0.7944444444444444,0.0674789890126983,21.56991287867228,6.163550445864353,
biomed_Gen_50_Pop_1000,FEC,farthest_point,farthest_point,0.1,1.2351148517977235,0.0017593363053132,-0.0380904856952761,0.0380904856952761,0.0,0.1674650698602794,0.0126064931534036,0.8325349301397206,0.0126064931534036,17.463892404238383,3.721935362054681,0.0054481884901285
biomed_Gen_50_Pop_1000,FEC,farthest_point,farthest_point,0.2,1.0909731967629677,0.088091387249156,-0.0494677312042581,0.0494677312042581,0.0,0.1560878243512973,0.0155329951763223,0.8439121756487026,0.0155329951763223,19.77125830650329,3.420891537756203,0.0005357203380601
biomed_Gen_50_Pop_1000,FEC,farthest_point,farthest_point,0.3,0.9754917258150656,0.6510750823326378,-0.0488689288090486,0.0488689288090485,0.0,0.1566866267465069,0.0133075515375515,0.843313373253493,0.0133075515375515,22.11183581352234,4.229425950225206,0.0005849701848146
biomed_Gen_50_Pop_1000,FEC,farthest_point,farthest_point,0.5,0.934280131715115,0.8515730539204984,-0.0478709248170326,0.0478709248170327,0.0,0.1576846307385229,0.0146131778185414,0.8423153692614771,0.0146131778185414,23.087200665473937,4.709884908542984,0.0007423527273948
biomed_Gen_50_Pop_1000,FEC,stratified,stratified,0.1,1.3476871785181073,3.612174783121663e-05,-0.0185296074517632,0.0185296074517631,0.0,0.1870259481037923,0.0184033668013724,0.8129740518962075,0.0184033668013724,16.005133255322775,2.838008697091566,0.1629926312315438
biomed_Gen_50_Pop_1000,FEC,stratified,stratified,0.2,1.0654145098590666,0.1857497258476265,-0.0444777112441783,0.0444777112441783,0.0,0.1610778443113772,0.0126883952697108,0.8389221556886227,0.0126883952697108,20.245559525489806,4.966918446260143,0.0014761658129676
biomed_Gen_50_Pop_1000,FEC,stratified,stratified,0.3,1.024014487024108,0.3499893814231004,-0.0474717232202262,0.0474717232202263,0.0,0.1580838323353293,0.0166950288753105,0.8419161676646707,0.0166950288753105,21.064070041974382,3.3684129451364,0.0008436797220109
biomed_Gen_50_Pop_1000,FEC,stratified,stratified,0.5,0.977067804798066,0.635712002632848,-0.0502661343978709,0.0502661343978709,0.0,0.1552894211576846,0.0125542396754621,0.8447105788423154,0.0125542396754622,22.076167869567872,4.806446458008844,0.0004268519873921
breast_cancer_Gen_50_Pop_1000,baseline,,baseline_simple,1.0,1.0,,0.0,0.0,0.0,0.2614942528735632,0.0607267606875381,0.7385057471264368,0.0607267606875381,19.230105352401733,3.923865578629855,
breast_cancer_Gen_50_Pop_1000,FEC,farthest_point,farthest_point,0.1,1.0935943254833254,0.0710563298452932,-0.0340088727566041,0.0340088727566041,0.0,0.227485380116959,0.014086771310463,0.7725146198830409,0.014086771310463,17.584313400586446,4.478055448150764,0.0060725367670058
breast_cancer_Gen_50_Pop_1000,FEC,farthest_point,farthest_point,0.2,0.9283766432602092,0.9322048581979396,-0.0427808025811655,0.0427808025811654,0.0,0.2187134502923976,0.0120239094707322,0.7812865497076023,0.0120239094707321,20.71368931134542,3.5299374882323797,0.0007796346933428
breast_cancer_Gen_50_Pop_1000,FEC,farthest_point,farthest_point,0.3,0.9293507398313016,0.9279227009546884,-0.0445351885460778,0.0445351885460778,0.0,0.2169590643274853,0.0152664064119375,0.7830409356725146,0.0152664064119375,20.691978311538698,3.587806094092785,0.0005500920096936
breast_cancer_Gen_50_Pop_1000,FEC,farthest_point,farthest_point,0.5,0.8965164144673285,0.9660361861469844,-0.0448275862068965,0.0448275862068965,0.0,0.2166666666666666,0.0100399325809294,0.7833333333333333,0.0100399325809294,21.449808438618977,5.078851868971105,0.0004613670800378
breast_cancer_Gen_50_Pop_1000,FEC,stratified,stratified,0.1,1.2070382539857805,0.0011677472870515,-0.0230439604759024,0.0230439604759024,0.0,0.2384502923976607,0.0117950838897835,0.7615497076023392,0.0117950838897835,15.931645321846007,3.9650320399616334,0.0535949941159059
breast_cancer_Gen_50_Pop_1000,FEC,stratified,stratified,0.2,1.073078128051353,0.1498341947116927,-0.0357632587215164,0.0357632587215164,0.0,0.2257309941520467,0.0136709587456853,0.7742690058479532,0.0136709587456853,17.92050816218058,5.471093866606238,0.0040854855703065
breast_cancer_Gen_50_Pop_1000,FEC,stratified,stratified,0.3,0.9262775491013706,0.8899344513219782,-0.0401492236337971,0.0401492236337971,0.0,0.221345029239766,0.0146228067252046,0.7786549707602339,0.0146228067252046,20.760629868507387,5.359825218611036,0.0015310757727929
breast_cancer_Gen_50_Pop_1000,FEC,stratified,stratified,0.5,0.9597011053972212,0.7481975927019298,-0.0407340189554346,0.0407340189554346,0.0,0.2207602339181286,0.0115117074181459,0.7792397660818714,0.0115117074181459,20.03759841918945,5.12965713602156,0.0012530826872833
bupa_Gen_50_Pop_1000,baseline,,baseline_simple,1.0,1.0,,0.0,0.0,0.0,0.4439613526570048,0.0727995441170833,0.5560386473429951,0.0727995441170833,9.159256211916606,2.570505876368684,
bupa_Gen_50_Pop_1000,FEC,farthest_point,farthest_point,0.1,0.9279272378558348,0.8876451538817451,-0.0823671497584541,0.082367149758454,0.0,0.3615942028985507,0.0230179422815486,0.6384057971014492,0.0230179422815486,9.870662093162537,1.7637897982285469,1.4125662754824784e-06
bupa_Gen_50_Pop_1000,FEC,farthest_point,farthest_point,0.2,0.8258273937241117,0.9988093831767616,-0.0846618357487922,0.0846618357487922,0.0,0.3592995169082125,0.0122362724992521,0.6407004830917874,0.0122362724992521,11.091005555788676,2.013480733310669,7.816820478241653e-07
bupa_Gen_50_Pop_1000,FEC,farthest_point,farthest_point,0.3,0.810704380132567,0.999449708647846,-0.0868357487922705,0.0868357487922706,0.0,0.3571256038647342,0.0154763828192329,0.6428743961352658,0.0154763828192328,11.29789900779724,2.1436898024512328,5.050736731759342e-07
bupa_Gen_50_Pop_1000,FEC,farthest_point,farthest_point,0.5,0.9229380993417404,0.8781917647677071,-0.0760869565217391,0.0760869565217391,0.0,0.3678743961352657,0.0304251959443293,0.6321256038647343,0.0304251959443293,9.924020059903462,2.369360666863399,6.872577512104178e-06
bupa_Gen_50_Pop_1000,FEC,stratified,stratified,0.1,0.9295882827192282,0.8838517529248338,-0.0807971014492753,0.0807971014492754,0.0,0.3631642512077295,0.0140226701226751,0.6368357487922706,0.0140226701226751,9.853024593989057,1.7152990419082896,1.751689245898241e-06
bupa_Gen_50_Pop_1000,FEC,stratified,stratified,0.2,0.92774971436748,0.882481310815213,-0.0840579710144927,0.0840579710144927,0.0,0.359903381642512,0.012940188633796,0.6400966183574879,0.012940188633796,9.872550829251606,1.903016944194025,8.870937301302035e-07
bupa_Gen_50_Pop_1000,FEC,stratified,stratified,0.3,0.845479569237297,0.9953689904915668,-0.0871980676328502,0.0871980676328503,0.0,0.3567632850241545,0.0132542462978927,0.6432367149758454,0.0132542462978927,10.83320821126302,2.139774183458255,4.655685353290393e-07
bupa_Gen_50_Pop_1000,FEC,stratified,stratified,0.5,0.8545804009743004,0.9926618684988952,-0.0772946859903381,0.0772946859903381,0.0,0.3666666666666666,0.0139825658342089,0.6333333333333333,0.0139825658342089,10.717840242385863,2.121392129374245,3.629582680631609e-06
clean1_Gen_50_Pop_1000,baseline,,baseline_simple,1.0,1.0,,0.0,0.0,0.0,0.0083333333333333,0.0090810394657097,0.9916666666666668,0.0090810394657097,20.275388026237486,6.472488881321447,
clean1_Gen_50_Pop_1000,FEC,farthest_point,farthest_point,0.1,1.0706255190021727,0.1980139744901502,0.0067543859649122,-0.0067543859649122,0.0,0.0150877192982455,0.0089353204057872,0.9849122807017544,0.0089353204057872,18.937889734903973,5.387563988734624,0.005959950040547
clean1_Gen_50_Pop_1000,FEC,farthest_point,farthest_point,0.2,0.9433764515987256,0.7874719121540756,0.0014912280701754,-0.0014912280701754,0.0,0.0098245614035087,0.0041848633129391,0.9901754385964912,0.0041848633129391,21.49236181577047,4.959277477416192,0.4265508893498772
clean1_Gen_50_Pop_1000,FEC,farthest_point,farthest_point,0.3,0.954893516238082,0.7201648490059047,0.0006140350877192,-0.0006140350877192,0.0,0.0089473684210526,0.0045377253180272,0.9910526315789474,0.0045377253180272,21.233140325546263,5.947841816070308,0.7462235993434821
clean1_Gen_50_Pop_1000,FEC,farthest_point,farthest_point,0.5,0.803870893756134,0.9972166829015892,-0.0010526315789473,0.0010526315789474,0.0,0.0072807017543859,0.0047409014445163,0.992719298245614,0.0047409014445163,25.22219448884328,6.608770925721222,0.5828412118397599
clean1_Gen_50_Pop_1000,FEC,stratified,stratified,0.1,0.9361804147722936,0.7872842345995893,0.0064035087719298,-0.0064035087719297,0.0,0.0147368421052631,0.0081988220670511,0.985263157894737,0.0081988220670512,21.65756483078003,6.640229353733342,0.006607438830011
clean1_Gen_50_Pop_1000,FEC,stratified,stratified,0.2,0.8327374393312468,0.9938521002987172,0.0010526315789473,-0.0010526315789473,0.0,0.0093859649122806,0.0067839408073632,0.9906140350877194,0.0067839408073632,24.34787613550822,5.476670532773182,0.6190577289640704
clean1_Gen_50_Pop_1000,FEC,stratified,stratified,0.3,0.931773837584282,0.8156967437830088,-0.0021052631578947,0.0021052631578947,0.0,0.0062280701754385,0.0050153657399729,0.9937719298245614,0.0050153657399728,21.75998853842417,5.995212873258169,0.2802520410330898
clean1_Gen_50_Pop_1000,FEC,stratified,stratified,0.5,0.8881331878039828,0.9368230046270232,-0.003157894736842,0.003157894736842,0.0,0.0051754385964912,0.0047311531790041,0.9948245614035088,0.0047311531790041,22.82922010421753,6.060274642608088,0.1039214008101207
corral_Gen_50_Pop_1000,baseline,,baseline_simple,1.0,1.0,,0.0,0.0,0.0,0.1052083333333333,0.0500542240697248,0.8947916666666667,0.0500542240697248,16.393979255358378,5.415829941301042,
corral_Gen_50_Pop_1000,FEC,farthest_point,farthest_point,0.1,1.161565186228614,0.0645705960300334,0.0203124999999999,-0.0203124999999999,0.0,0.1255208333333333,0.0378420453900889,0.8744791666666667,0.0378420453900889,14.113697147369384,5.855581269690883,0.086986113713845
corral_Gen_50_Pop_1000,FEC,farthest_point,farthest_point,0.2,0.8857414720206105,0.9321471190000876,-0.0091145833333333,0.0091145833333333,0.0,0.09609375,0.0281792012451116,0.90390625,0.0281792012451116,18.50876330534617,5.227077969893489,0.397284799650145
corral_Gen_50_Pop_1000,FEC,farthest_point,farthest_point,0.3,0.9688730366793497,0.6319822334068621,-0.0059895833333333,0.0059895833333333,0.0,0.09921875,0.0355246897344532,0.90078125,0.0355246897344532,16.920668276151023,6.384628823819051,0.6014562538134063
corral_Gen_50_Pop_1000,FEC,farthest_point,farthest_point,0.5,0.928201247649823,0.8018282109772623,-0.0091145833333333,0.0091145833333333,0.0,0.09609375,0.031776169292346,0.90390625,0.031776169292346,17.662095689773558,5.876367667137193,0.4117474569537087
corral_Gen_50_Pop_1000,FEC,stratified,stratified,0.1,1.0618567524148292,0.2255167360642025,0.0466145833333333,-0.0466145833333333,0.0,0.1518229166666666,0.0382564403732851,0.8481770833333333,0.0382564403732851,15.438974436124166,4.068683417728385,0.0002031826453143
corral_Gen_50_Pop_1000,FEC,stratified,stratified,0.2,1.0809705769127818,0.2048497471216465,0.0057291666666666,-0.0057291666666666,0.0,0.1109375,0.0270933475075832,0.8890625,0.0270933475075832,15.165981022516888,5.837595385913001,0.5904674117080839
corral_Gen_50_Pop_1000,FEC,stratified,stratified,0.3,0.9815861444090634,0.5988668001203725,-0.0075520833333333,0.0075520833333333,0.0,0.09765625,0.0122284967519519,0.90234375,0.0122284967519519,16.701518607139587,3.736262708033966,0.4356719638947339
corral_Gen_50_Pop_1000,FEC,stratified,stratified,0.5,0.8916003756576534,0.9194182351989348,-0.00625,0.0062499999999999,0.0,0.0989583333333333,0.0307468169648863,0.9010416666666666,0.0307468169648863,18.387138120333358,5.278208988442391,0.5693417130637815
glass2_Gen_50_Pop_1000,baseline,,baseline_simple,1.0,1.0,,0.0,0.0,0.0,0.1939393939393938,0.0583415316290652,0.8060606060606061,0.0583415316290652,12.983974075317382,3.1802743095026,
glass2_Gen_50_Pop_1000,FEC,farthest_point,farthest_point,0.1,0.857178943951356,0.9577292112858556,0.0588811188811189,-0.058881118881119,0.0,0.2528205128205128,0.0247857353304504,0.7471794871794871,0.0247857353304503,15.147332032521566,5.788888476242553,1.2337355602916078e-05
glass2_Gen_50_Pop_1000,FEC,farthest_point,farthest_point,0.2,0.8362632828656642,0.9837098358523592,0.0152913752913753,-0.0152913752913753,0.0,0.2092307692307692,0.0191948382279106,0.7907692307692308,0.0191948382279106,15.52617978254954,5.342191186994575,0.18858743638654
glass2_Gen_50_Pop_1000,FEC,farthest_point,farthest_point,0.3,1.008813994362261,0.4475384956620677,0.0111888111888112,-0.0111888111888112,0.0,0.2051282051282051,0.0198945279397649,0.7948717948717949,0.0198945279397649,12.87053326765696,3.339850200955248,0.3349062844518791
glass2_Gen_50_Pop_1000,FEC,farthest_point,farthest_point,0.5,0.9452481409363872,0.7921672072140682,0.0011888111888112,-0.0011888111888112,0.0,0.195128205128205,0.0166745543465529,0.8048717948717949,0.0166745543465528,13.73604825337728,3.778860807698216,0.9165985313612142
glass2_Gen_50_Pop_1000,FEC,stratified,stratified,0.1,0.7500148429541359,0.9993631797649908,0.0363170163170163,-0.0363170163170164,0.0,0.2302564102564102,0.0256615302629678,0.7697435897435897,0.0256615302629678,17.31162282625834,5.977517877095719,0.0038608932552851
glass2_Gen_50_Pop_1000,FEC,stratified,stratified,0.2,0.7842072856804956,0.995221548994473,0.0093939393939393,-0.0093939393939395,0.0,0.2033333333333332,0.0198299808215234,0.7966666666666666,0.0198299808215234,16.556813883781434,6.33720337492167,0.4171239437170688
glass2_Gen_50_Pop_1000,FEC,stratified,stratified,0.3,0.8481400913798898,0.9738740559057965,0.0086247086247086,-0.0086247086247086,0.0,0.2025641025641025,0.0121355482730248,0.7974358974358975,0.0121355482730248,15.308761143684388,5.421860733040606,0.4415522887315525
glass2_Gen_50_Pop_1000,FEC,stratified,stratified,0.5,0.9681675915928004,0.6641087286763121,0.0009324009324009,-0.0009324009324009,0.0,0.1948717948717948,0.01229700390593,0.8051282051282052,0.01229700390593,13.410874509811402,4.358831965989323,0.933417930873948
haberman_Gen_50_Pop_1000,baseline,,baseline_simple,1.0,1.0,,0.0,0.0,0.0,0.2440860215053763,0.0378793869974377,0.7559139784946236,0.0378793869974377,10.602777496973674,1.7313382904294554,
haberman_Gen_50_Pop_1000,FEC,farthest_point,farthest_point,0.1,1.0467962811543832,0.1479303156545247,-0.0147144368059228,0.0147144368059228,0.0,0.2293715846994534,0.013816737551075,0.7706284153005465,0.013816737551075,10.128787891070049,1.690439814630632,0.0570139947742806
haberman_Gen_50_Pop_1000,FEC,farthest_point,farthest_point,0.2,1.0709707426114168,0.1264398066239787,-0.0175832892649391,0.0175832892649392,0.0,0.2265027322404371,0.0182651856976593,0.7734972677595628,0.0182651856976593,9.90015606880188,2.7740215590066786,0.029660407250715
haberman_Gen_50_Pop_1000,FEC,farthest_point,farthest_point,0.3,0.9782807522372085,0.6727894937194908,-0.0233209941829719,0.023320994182972,0.0,0.2207650273224043,0.0122372653970266,0.7792349726775957,0.0122372653970266,10.838174494107564,2.221417996719918,0.0032926611464335
haberman_Gen_50_Pop_1000,FEC,farthest_point,farthest_point,0.5,0.9806688429316246,0.656853875073316,-0.0250969504671249,0.025096950467125,0.0,0.2189890710382513,0.0120505432732242,0.7810109289617486,0.0120505432732242,10.811781748135884,2.164910168699004,0.0017048339863263
haberman_Gen_50_Pop_1000,FEC,stratified,stratified,0.1,1.0421637576007752,0.1723773277164727,-0.0137581526529173,0.0137581526529173,0.0,0.2303278688524589,0.0122677291369637,0.769672131147541,0.0122677291369637,10.17381138006846,1.6980167824876322,0.0711876005704243
haberman_Gen_50_Pop_1000,FEC,stratified,stratified,0.2,1.030671039099161,0.2436974996114167,-0.017719901286797,0.0177199012867972,0.0,0.2263661202185792,0.0136208420200311,0.7736338797814208,0.0136208420200311,10.287256646156312,1.7066347732260971,0.0231775864772269
haberman_Gen_50_Pop_1000,FEC,stratified,stratified,0.3,1.0232746539061937,0.2900065603195652,-0.0169002291556495,0.0169002291556495,0.0,0.2271857923497267,0.0133300015993202,0.7728142076502732,0.0133300015993202,10.36161450544993,1.5646320281500337,0.0295221213450196
haberman_Gen_50_Pop_1000,FEC,stratified,stratified,0.5,1.0036947889174943,0.465912606220682,-0.0194958575709501,0.0194958575709501,0.0,0.2245901639344261,0.0142522419188469,0.7754098360655738,0.0142522419188469,10.563746682802837,1.7282351328629242,0.0135049848868993
hepatitis_Gen_50_Pop_1000,baseline,,baseline_simple,1.0,1.0,,0.0,0.0,0.0,0.1817204301075268,0.0549229797381597,0.8182795698924731,0.0549229797381597,4.602745731671651,1.141281246468709,
hepatitis_Gen_50_Pop_1000,FEC,farthest_point,farthest_point,0.1,1.087132272923471,0.0836666378136791,-0.0303763440860215,0.0303763440860216,0.0,0.1513440860215053,0.015256412498562,0.8486559139784947,0.015256412498562,4.23384149869283,0.8434526984292553,0.0070702990361659
hepatitis_Gen_50_Pop_1000,FEC,farthest_point,farthest_point,0.2,1.061737958212043,0.1696574958419293,-0.0341397849462365,0.0341397849462365,0.0,0.1475806451612902,0.015463416148677,0.8524193548387097,0.015463416148677,4.335105188687643,0.966603214868652,0.0028280234936779
hepatitis_Gen_50_Pop_1000,FEC,farthest_point,farthest_point,0.3,1.0895841742950754,0.0743889049192821,-0.0338709677419355,0.0338709677419355,0.0,0.1478494623655913,0.0147727222193914,0.8521505376344086,0.0147727222193914,4.224314045906067,0.7941548009716929,0.002966688259978
hepatitis_Gen_50_Pop_1000,FEC,farthest_point,farthest_point,0.5,1.0106653690666718,0.4324260986805049,-0.0344086021505376,0.0344086021505377,0.0,0.1473118279569892,0.0184996242301991,0.8526881720430108,0.0184996242301991,4.554173787434896,1.018903780360628,0.0029142555362008
hepatitis_Gen_50_Pop_1000,FEC,stratified,stratified,0.1,1.183959796009967,0.0013724864157273,-0.0244623655913978,0.0244623655913978,0.0,0.1572580645161289,0.0189416011074761,0.8427419354838709,0.0189416011074761,3.887586172421773,0.3483941331807357,0.0294985503331611
hepatitis_Gen_50_Pop_1000,FEC,stratified,stratified,0.2,1.084966986621894,0.0844813379199592,-0.0309139784946236,0.0309139784946237,0.0,0.1508064516129031,0.0157413074967283,0.8491935483870968,0.0157413074967283,4.242291045188904,0.796015023569565,0.0062963851697935
hepatitis_Gen_50_Pop_1000,FEC,stratified,stratified,0.3,1.056792972968859,0.2315302841693297,-0.0301075268817204,0.0301075268817204,0.0,0.1516129032258063,0.0146351156868991,0.8483870967741935,0.0146351156868991,4.355390175183614,1.395464401896095,0.0074210189355363
hepatitis_Gen_50_Pop_1000,FEC,stratified,stratified,0.5,1.1079292039753088,0.0368560195619278,-0.0295698924731183,0.0295698924731183,0.0,0.1521505376344085,0.0159578732039309,0.8478494623655914,0.0159578732039309,4.1543680906295775,0.6626553584030702,0.0087186427777591
ionosphere_Gen_50_Pop_1000,baseline,,baseline_simple,1.0,1.0,,0.0,0.0,0.0,0.1187793427230046,0.0324623359869718,0.8812206572769953,0.0324623359869718,25.67396855354309,4.748927803310757,
ionosphere_Gen_50_Pop_1000,FEC,farthest_point,farthest_point,0.1,1.133460768347199,0.0023824125110992,-8.886653252851429e-05,8.886653252848653e-05,0.0,0.1186904761904761,0.0128995113198232,0.8813095238095238,0.0128995113198232,22.65095473130544,2.756675743731963,0.9891410958547944
ionosphere_Gen_50_Pop_1000,FEC,farthest_point,farthest_point,0.2,0.9049506893170788,0.991286840558708,-0.0241364855801475,0.0241364855801476,0.0,0.094642857142857,0.0081831708838497,0.905357142857143,0.0081831708838497,28.370571851730347,3.532008620659828,0.0004746441921935
ionosphere_Gen_50_Pop_1000,FEC,farthest_point,farthest_point,0.3,0.8567443130711947,0.9997059980242324,-0.0313983903420523,0.0313983903420523,0.0,0.0873809523809523,0.009162800668997,0.9126190476190476,0.009162800668997,29.966896963119503,4.218007650692902,1.7019123566040633e-05
ionosphere_Gen_50_Pop_1000,FEC,farthest_point,farthest_point,0.5,0.8583167430715515,0.9994935520291156,-0.0300888665325285,0.0300888665325285,0.0,0.0886904761904761,0.01010503231091,0.9113095238095238,0.0101050323109099,29.91199782689413,4.571118741210412,3.331873554323456e-05
ionosphere_Gen_50_Pop_1000,FEC,stratified,stratified,0.1,1.239881486467118,4.843560619906363e-05,-0.0144936284372903,0.0144936284372904,0.0,0.1042857142857142,0.0104083299973306,0.8957142857142857,0.0104083299973306,20.706792410214742,4.26255236501578,0.0282111828613679
ionosphere_Gen_50_Pop_1000,FEC,stratified,stratified,0.2,1.047286277316714,0.1404079620926856,-0.0260412474849094,0.0260412474849095,0.0,0.0927380952380951,0.0117905233093911,0.9072619047619048,0.0117905233093912,24.51475695768992,3.200362562851653,0.0002480316334846
ionosphere_Gen_50_Pop_1000,FEC,stratified,stratified,0.3,0.978260866405386,0.6914295094930691,-0.0292555331991951,0.0292555331991951,0.0,0.0895238095238094,0.0091720763258372,0.9104761904761904,0.0091720763258372,26.24450127283732,3.846802280860988,4.685197116308733e-05
ionosphere_Gen_50_Pop_1000,FEC,stratified,stratified,0.5,0.8879040355518777,0.997022832905028,-0.0294936284372904,0.0294936284372905,0.0,0.0892857142857142,0.0108718571969817,0.9107142857142858,0.0108718571969817,28.915251564979556,3.832597433533457,4.636157209428581e-05
irish_Gen_50_Pop_1000,baseline,,baseline_simple,1.0,1.0,,0.0,0.0,0.0,0.0123333333333333,0.0125653845499805,0.9876666666666666,0.0125653845499805,9.6849200963974,0.964137063715182,
irish_Gen_50_Pop_1000,FEC,farthest_point,farthest_point,0.1,1.01765886202621,0.2609148607864994,0.0014999999999999,-0.0014999999999998,0.0,0.0138333333333332,0.0031446603773522,0.9861666666666667,0.0031446603773521,9.516863123575847,1.0210426710000162,0.5372112898603575
irish_Gen_50_Pop_1000,FEC,farthest_point,farthest_point,0.2,1.016470216829777,0.2824892424818216,-0.0004166666666667,0.0004166666666668,0.0,0.0119166666666666,0.0038559117670864,0.9880833333333334,0.0038559117670864,9.527992002169292,1.0963415228187157,0.8654481502445642
irish_Gen_50_Pop_1000,FEC,farthest_point,farthest_point,0.3,0.9924164129766552,0.6088081849170808,-0.0005,0.0005,0.0,0.0118333333333332,0.0052413950645054,0.9881666666666666,0.0052413950645054,9.75892777442932,1.0643858139567617,0.8442579076193951
irish_Gen_50_Pop_1000,FEC,farthest_point,farthest_point,0.5,0.9735013438783556,0.8111012773206379,-0.00325,0.00325,0.0,0.0090833333333332,0.0066295843677329,0.9909166666666668,0.0066295843677329,9.948543119430544,1.2723975271152737,0.2245287210736137
irish_Gen_50_Pop_1000,FEC,stratified,stratified,0.1,1.027764429487117,0.1815323901717296,0.0068333333333332,-0.0068333333333332,0.0,0.0191666666666666,0.023999421289319,0.9808333333333332,0.023999421289319,9.423287884394329,1.1961153781682627,0.1812973545653645
irish_Gen_50_Pop_1000,FEC,stratified,stratified,0.2,1.0278576707681677,0.1848636103838039,-0.0009166666666667,0.0009166666666666,0.0,0.0114166666666666,0.0054651674773565,0.9885833333333331,0.0054651674773565,9.422433058420816,1.2301065724068472,0.7205697617176403
irish_Gen_50_Pop_1000,FEC,stratified,stratified,0.3,0.9860638842002708,0.6656004362242129,-0.0011666666666667,0.0011666666666667,0.0,0.0111666666666666,0.0049469406932185,0.9888333333333332,0.0049469406932186,9.821797808011372,1.4160165565860572,0.6444283479035968
irish_Gen_50_Pop_1000,FEC,stratified,stratified,0.5,0.9710000733744912,0.8646125416822568,-0.0011666666666667,0.0011666666666667,0.0,0.0111666666666666,0.0053124591501697,0.9888333333333332,0.0053124591501697,9.974170303344726,1.0163188578690263,0.6476892233626965
molecular_biology_promoters_Gen_50_Pop_1000,baseline,,baseline_simple,1.0,1.0,,0.0,0.0,0.0,0.2106060606060605,0.0791512599188423,0.7893939393939394,0.0791512599188423,10.273085117340088,2.0817550940108136,
molecular_biology_promoters_Gen_50_Pop_1000,FEC,farthest_point,farthest_point,0.1,1.7212197592494125,1.9708306549627266e-12,0.0608225108225108,-0.0608225108225108,0.0,0.2714285714285714,0.0334465198503261,0.7285714285714285,0.0334465198503261,5.968491276105245,1.580100450425092,0.0004781479182524
molecular_biology_promoters_Gen_50_Pop_1000,FEC,farthest_point,farthest_point,0.2,1.156501767200744,0.0072683945778559,-0.024098124098124,0.024098124098124,0.0,0.1865079365079364,0.0315469951021456,0.8134920634920635,0.0315469951021456,8.882896169026692,2.120532749651258,0.1360322817272005
molecular_biology_promoters_Gen_50_Pop_1000,FEC,farthest_point,farthest_point,0.3,1.19721992647209,0.0017761723017337,-0.0459235209235208,0.0459235209235209,0.0,0.1646825396825396,0.0257325283124975,0.8353174603174603,0.0257325283124975,8.580783605575562,2.1576752379137614,0.0053257900065742
molecular_biology_promoters_Gen_50_Pop_1000,FEC,farthest_point,farthest_point,0.5,1.12320613629621,0.0180351354947162,-0.0542568542568542,0.0542568542568542,0.0,0.1563492063492063,0.0210130195156725,0.8436507936507937,0.0210130195156725,9.146215271949767,1.9130922145103064,0.0011236294908002
molecular_biology_promoters_Gen_50_Pop_1000,FEC,stratified,stratified,0.1,1.807387924369287,1.8184538112222296e-11,0.0568542568542568,-0.0568542568542569,0.0,0.2674603174603174,0.0350107063493853,0.7325396825396825,0.0350107063493853,5.683940331141154,2.2091898066835127,0.0010408684638007
molecular_biology_promoters_Gen_50_Pop_1000,FEC,stratified,stratified,0.2,1.2446196261420486,0.0002423523570567,-0.0328282828282828,0.0328282828282828,0.0,0.1777777777777777,0.0311855281022039,0.8222222222222223,0.0311855281022039,8.25399576028188,2.076712514994156,0.044549484382444
molecular_biology_promoters_Gen_50_Pop_1000,FEC,stratified,stratified,0.3,1.1091453474857549,0.0204676042015307,-0.0629870129870129,0.062987012987013,0.0,0.1476190476190476,0.019825390471106,0.8523809523809525,0.019825390471106,9.262163106600443,1.5559630341157369,0.0002186078346278
molecular_biology_promoters_Gen_50_Pop_1000,FEC,stratified,stratified,0.5,1.0805014840614722,0.0680337317843014,-0.0578282828282827,0.0578282828282827,0.0,0.1527777777777777,0.0206387359110251,0.8472222222222222,0.0206387359110251,9.507701071103414,1.7594301838426505,0.0005811329112426
monk1_Gen_50_Pop_1000,baseline,,baseline_simple,1.0,1.0,,0.0,0.0,0.0,0.4077380952380952,0.0373390347322909,0.5922619047619048,0.0373390347322909,4.158195185661316,0.3413299492174041,
monk1_Gen_50_Pop_1000,FEC,farthest_point,farthest_point,0.1,1.0410036843173596,0.0731631194478839,0.0071267696267696,-0.0071267696267697,0.0,0.4148648648648648,0.0092204907614678,0.585135135135135,0.0092204907614678,3.99440967241923,0.4910807879572009,0.3257077443141489
monk1_Gen_50_Pop_1000,FEC,farthest_point,farthest_point,0.2,1.015018992490592,0.2808554238189145,0.0069015444015443,-0.0069015444015444,0.0,0.4146396396396396,0.0098405640878168,0.5853603603603603,0.0098405640878168,4.096667369206746,0.4532970518417672,0.3427969730687002
monk1_Gen_50_Pop_1000,FEC,farthest_point,farthest_point,0.3,0.9841249316542084,0.7408166367186042,0.0030727155727155,-0.0030727155727154,0.0,0.4108108108108108,0.0100656611183749,0.5891891891891893,0.0100656611183749,4.225271662076314,0.4384638846572116,0.6714997659778148
monk1_Gen_50_Pop_1000,FEC,farthest_point,farthest_point,0.5,0.928569164797728,0.9107189155296386,0.0035231660231659,-0.003523166023166,0.0,0.4112612612612612,0.0079862379261094,0.5887387387387387,0.0079862379261094,4.478067270914713,1.2064081201443018,0.6227044809490498
monk1_Gen_50_Pop_1000,FEC,stratified,stratified,0.1,1.0968772404967215,0.0001340479596279,0.0063760188760188,-0.0063760188760187,0.0,0.4141141141141141,0.0083815529951668,0.585885885885886,0.0083815529951668,3.790939434369405,0.3778351807426585,0.3763073549833952
monk1_Gen_50_Pop_1000,FEC,stratified,stratified,0.2,1.0342543212678723,0.0740326941102756,0.0043489918489918,-0.0043489918489918,0.0,0.4120870870870871,0.0129966642894252,0.5879129129129129,0.0129966642894252,4.020476492245992,0.3733447828552819,0.5573142269545963
monk1_Gen_50_Pop_1000,FEC,stratified,stratified,0.3,0.9836094463029822,0.7412255686625497,0.0054000429000428,-0.0054000429000428,0.0,0.4131381381381381,0.0089654225904666,0.586861861861862,0.0089654225904666,4.227486022313436,0.4599855117522754,0.4543604927186391
monk1_Gen_50_Pop_1000,FEC,stratified,stratified,0.5,0.961483632662842,0.9388032188055008,0.0044240669240668,-0.0044240669240669,0.0,0.4121621621621621,0.0103538300348704,0.5878378378378378,0.0103538300348704,4.324769600232442,0.4583766459295029,0.5428138112552617
monk3_Gen_50_Pop_1000,baseline,,baseline_simple,1.0,1.0,,0.0,0.0,0.0,0.148048048048048,0.0852032977312887,0.851951951951952,0.0852032977312887,4.388675061861674,0.8488475168242546,
monk3_Gen_50_Pop_1000,FEC,farthest_point,farthest_point,0.1,0.998463928827582,0.5112881863924306,-0.0139622692670096,0.0139622692670096,0.0,0.1340857787810383,0.0806274702795548,0.8659142212189616,0.0806274702795548,4.3954267501831055,0.9569831006636558,0.524072679325793
monk3_Gen_50_Pop_1000,FEC,farthest_point,farthest_point,0.2,1.008005646508254,0.4369805461065652,0.0138029677533063,-0.0138029677533062,0.0,0.1618510158013543,0.0695150871469497,0.8381489841986457,0.0695150871469497,4.353819918632508,0.8168483682211094,0.5018581812593401
monk3_Gen_50_Pop_1000,FEC,farthest_point,farthest_point,0.3,0.9738524733965384,0.7120200799368394,0.0005599278736976,-0.0005599278736976,0.0,0.1486079759217456,0.0755496073289059,0.8513920240782543,0.0755496073289059,4.506509129206339,0.7429156801052711,0.9789672865418886
monk3_Gen_50_Pop_1000,FEC,farthest_point,farthest_point,0.5,0.9908364438888304,0.5807430102208335,0.0266697849090625,-0.0266697849090625,0.0,0.1747178329571105,0.0619448629771166,0.8252821670428894,0.0619448629771166,4.429262860616048,0.6470973023826048,0.1785272784065225
monk3_Gen_50_Pop_1000,FEC,stratified,stratified,0.1,0.97412822353947,0.6742775023254659,-0.0050081684393196,0.0050081684393196,0.0,0.1430398796087283,0.0812023913566663,0.8569601203912716,0.0812023913566662,4.5052334547042845,1.0903386325558293,0.8195687222062595
monk3_Gen_50_Pop_1000,FEC,stratified,stratified,0.2,0.9821037562620698,0.6464814806351218,-0.0019983866484995,0.0019983866484994,0.0,0.1460496613995484,0.0784613009242225,0.8539503386004514,0.0784613009242225,4.46864705880483,0.7612239292606271,0.9262960383261192
monk3_Gen_50_Pop_1000,FEC,stratified,stratified,0.3,0.9514691926623288,0.8344725037423497,-0.0088456402226154,0.0088456402226153,0.0,0.1392024078254326,0.0778226503114968,0.8607975921745673,0.0778226503114968,4.612524604797363,0.8898478085917882,0.6812860530551017
monk3_Gen_50_Pop_1000,FEC,stratified,stratified,0.5,0.9533206296795118,0.8421483351896543,0.0037201987540587,-0.0037201987540588,0.0,0.1517682468021068,0.0761176209985934,0.8482317531978931,0.0761176209985934,4.603566654523214,0.7659073296785747,0.8614243167511638
mux6_Gen_50_Pop_1000,baseline,,baseline_simple,1.0,1.0,,0.0,0.0,0.0,0.3294871794871794,0.0869623993954442,0.6705128205128206,0.0869623993954442,11.09139834245046,4.892566826232467,
mux6_Gen_50_Pop_1000,FEC,farthest_point,farthest_point,0.1,0.9052629249354864,0.8293000175465255,-0.0651080945198591,0.0651080945198592,0.0,0.2643790849673202,0.0399829623247361,0.7356209150326798,0.0399829623247361,12.25212922890981,4.302372221429021,0.0007107213923918
mux6_Gen_50_Pop_1000,FEC,farthest_point,farthest_point,0.2,0.854585673589983,0.9212677187244956,-0.0856963298139768,0.0856963298139769,0.0,0.2437908496732025,0.0352335476390681,0.7562091503267975,0.035233547639068,12.978685092926025,5.140030858625317,1.6864597796875535e-05
mux6_Gen_50_Pop_1000,FEC,farthest_point,farthest_point,0.3,0.7645658616680016,0.9929563807409416,-0.0919054801407742,0.0919054801407741,0.0,0.2375816993464052,0.0343075002133868,0.7624183006535947,0.0343075002133868,14.506792545318604,5.368245624168662,5.348520668263215e-06
mux6_Gen_50_Pop_1000,FEC,farthest_point,farthest_point,0.5,0.933485122100608,0.7250360723182051,-0.0739316239316238,0.0739316239316237,0.0,0.2555555555555555,0.0375404718451617,0.7444444444444444,0.0375404718451617,11.881708749135337,5.113181324585372,0.000146142688632
mux6_Gen_50_Pop_1000,FEC,stratified,stratified,0.1,1.0631911395994669,0.3071724168763066,-0.0275263951734539,0.0275263951734539,0.0,0.3019607843137254,0.0343743628556985,0.6980392156862745,0.0343743628556985,10.432177178064984,5.016455156137584,0.1212357953560476
mux6_Gen_50_Pop_1000,FEC,stratified,stratified,0.2,0.8528309066847204,0.9244840934047508,-0.0804675716440422,0.080467571644042,0.0,0.2490196078431372,0.0342997170285017,0.7509803921568626,0.0342997170285017,13.005389761924745,5.122040405085526,4.1554829131171824e-05
mux6_Gen_50_Pop_1000,FEC,stratified,stratified,0.3,0.97855916071519,0.5748183254541488,-0.0762192056309702,0.0762192056309702,0.0,0.2532679738562091,0.0363392227337039,0.7467320261437909,0.0363392227337039,11.33441777229309,4.87412016095641,9.405987530074084e-05
mux6_Gen_50_Pop_1000,FEC,stratified,stratified,0.5,0.8674620023844393,0.8914654664014418,-0.081121166415284,0.0811211664152838,0.0,0.2483660130718954,0.0376597654663736,0.7516339869281045,0.0376597654663736,12.78603363831838,5.433852247936228,4.1581218033059015e-05
prnn_crabs_Gen_50_Pop_1000,baseline,,baseline_simple,1.0,1.0,,0.0,0.0,0.0,0.0249999999999999,0.019364916731037,0.975,0.019364916731037,9.50891695022583,2.779065876512874,
prnn_crabs_Gen_50_Pop_1000,FEC,farthest_point,farthest_point,0.1,1.119374463394292,0.0621949463931445,0.0085416666666666,-0.0085416666666666,0.0,0.0335416666666666,0.0112364888001348,0.9664583333333332,0.0112364888001348,8.494848918914794,2.125757844811476,0.045564611631695
prnn_crabs_Gen_50_Pop_1000,FEC,farthest_point,farthest_point,0.2,1.177826176693457,0.0094231431628693,0.0020833333333332,-0.0020833333333333,0.0,0.0270833333333332,0.0137247242433338,0.9729166666666668,0.0137247242433338,8.07327697277069,1.5318487167942734,0.6384138073422654
prnn_crabs_Gen_50_Pop_1000,FEC,farthest_point,farthest_point,0.3,1.0023844167636706,0.4886063860209729,-0.0089583333333334,0.0089583333333334,0.0,0.0160416666666665,0.0137578891509158,0.9839583333333334,0.0137578891509158,9.486297663052875,3.209873520828622,0.0473641749260054
prnn_crabs_Gen_50_Pop_1000,FEC,farthest_point,farthest_point,0.5,1.1024751309594736,0.0823720779727459,-0.0052083333333333,0.0052083333333333,0.0,0.0197916666666666,0.0137956942759527,0.9802083333333332,0.0137956942759527,8.625062537193298,1.9190703483851448,0.2434700636665887
prnn_crabs_Gen_50_Pop_1000,FEC,stratified,stratified,0.1,1.2545514035936391,0.0008233634216629,0.0099999999999999,-0.01,0.0,0.0349999999999999,0.0117038099209901,0.965,0.0117038099209901,7.579535539944967,1.3451986869818386,0.0213609818527537
prnn_crabs_Gen_50_Pop_1000,FEC,stratified,stratified,0.2,1.250988209395136,0.0010027647001792,0.0064583333333332,-0.0064583333333333,0.0,0.0314583333333332,0.0133544754254477,0.9685416666666666,0.0133544754254478,7.601124358177185,1.4274561008983553,0.1453639460991357
prnn_crabs_Gen_50_Pop_1000,FEC,stratified,stratified,0.3,1.1628919921126188,0.0203367743171938,0.0016666666666666,-0.0016666666666667,0.0,0.0266666666666666,0.0145177094918203,0.9733333333333332,0.0145177094918203,8.176956256230673,1.9896329373720925,0.712213755492711
prnn_crabs_Gen_50_Pop_1000,FEC,stratified,stratified,0.5,1.1561149040408183,0.0141357375210508,-0.0010416666666667,0.0010416666666667,0.0,0.0239583333333332,0.0147975340475664,0.9760416666666668,0.0147975340475664,8.224889167149861,1.2265711761997269,0.8188261729384585
prnn_synth_Gen_50_Pop_1000,baseline,,baseline_simple,1.0,1.0,,0.0,0.0,0.0,0.4326666666666667,0.1352019066269243,0.5673333333333334,0.1352019066269243,5.368469222386678,1.975179958622307,
prnn_synth_Gen_50_Pop_1000,FEC,farthest_point,farthest_point,0.1,1.0994145405115794,0.1895270198636845,-0.0143333333333334,0.0143333333333333,0.0,0.4183333333333333,0.0948976056365784,0.5816666666666667,0.0948976056365783,4.883025487263997,2.1897195827194653,0.6422473590896127
prnn_synth_Gen_50_Pop_1000,FEC,farthest_point,farthest_point,0.2,1.119960833272314,0.1530689086622365,-0.0111666666666667,0.0111666666666666,0.0,0.4215,0.0984813857200097,0.5785,0.0984813857200097,4.7934437195460005,2.2563654168534377,0.7206404076903488
prnn_synth_Gen_50_Pop_1000,FEC,farthest_point,farthest_point,0.3,1.0090950507004828,0.4679901223967666,-0.0191666666666667,0.0191666666666665,0.0,0.4135,0.092115416733574,0.5864999999999999,0.0921154167335739,5.320082799593608,2.554525906623397,0.5309121342522064
prnn_synth_Gen_50_Pop_1000,FEC,farthest_point,farthest_point,0.5,1.1278518344332749,0.1060428305521168,-0.0068333333333334,0.0068333333333333,0.0,0.4258333333333333,0.0896854069635758,0.5741666666666667,0.0896854069635758,4.75990645090739,1.68554907632159,0.8214886703227909
prnn_synth_Gen_50_Pop_1000,FEC,stratified,stratified,0.1,1.295962754472544,0.0064651810152881,0.0224999999999999,-0.0225,0.0,0.4551666666666666,0.072692082711179,0.5448333333333333,0.072692082711179,4.142456412315369,1.6464974766727414,0.4341060311800743
prnn_synth_Gen_50_Pop_1000,FEC,stratified,stratified,0.2,1.0964996614997802,0.1856191600190524,-0.0278333333333333,0.0278333333333333,0.0,0.4048333333333333,0.0946879377510966,0.5951666666666667,0.0946879377510966,4.896006274223328,2.017471887844585,0.3680376087073215
prnn_synth_Gen_50_Pop_1000,FEC,stratified,stratified,0.3,1.2713847218322123,0.0073079889437013,0.0083333333333332,-0.0083333333333334,0.0,0.4409999999999999,0.0750266619276107,0.5589999999999999,0.0750266619276107,4.222537151972452,1.4402512965459116,0.7729649903384608
prnn_synth_Gen_50_Pop_1000,FEC,stratified,stratified,0.5,1.1913646887841745,0.0313626997806843,0.0123333333333333,-0.0123333333333334,0.0,0.445,0.0797600568371579,0.5549999999999999,0.0797600568371579,4.506151032447815,1.4369397139161917,0.6741481237156897
processed.cleveland_Gen_50_Pop_1000,baseline,,baseline_simple,1.0,1.0,,0.0,0.0,0.0,0.4444444444444444,0.0483684419103975,0.5555555555555556,0.0483684419103975,10.411593039830526,3.3481183835262565,
processed.cleveland_Gen_50_Pop_1000,FEC,farthest_point,farthest_point,0.1,1.176660485817563,0.0335966500903882,-0.0372714486638537,0.0372714486638536,0.0,0.4071729957805907,0.0155889900438068,0.5928270042194093,0.0155889900438068,8.848425833384196,3.0244541920802512,0.0003616089700475
processed.cleveland_Gen_50_Pop_1000,FEC,farthest_point,farthest_point,0.2,1.1837890365149852,0.0134373609585269,-0.0367088607594937,0.0367088607594937,0.0,0.4077355836849507,0.0156548361237596,0.5922644163150493,0.0156548361237596,8.795142308870952,1.8032007019873075,0.0004304382020844
processed.cleveland_Gen_50_Pop_1000,FEC,farthest_point,farthest_point,0.3,1.0669029604764606,0.1894441394248653,-0.040084388185654,0.0400843881856539,0.0,0.4043600562587904,0.0137410008232939,0.5956399437412095,0.0137410008232939,9.758706672986348,2.1134859377545987,0.0001410366497421
processed.cleveland_Gen_50_Pop_1000,FEC,farthest_point,farthest_point,0.5,1.097451447541293,0.1183784989958568,-0.0447257383966244,0.0447257383966245,0.0,0.3997187060478199,0.0129334052687174,0.6002812939521801,0.0129334052687174,9.487064838409424,2.4702542147727344,3.193475788932536e-05
processed.cleveland_Gen_50_Pop_1000,FEC,stratified,stratified,0.1,1.1350594293489928,0.080355806166511,-0.0336146272855133,0.0336146272855133,0.0,0.4108298171589311,0.0146765641836525,0.5891701828410689,0.0146765641836525,9.172729436556498,3.2918960786019724,0.0010470537565216
processed.cleveland_Gen_50_Pop_1000,FEC,stratified,stratified,0.2,1.0981276527974968,0.1469824498419309,-0.0382559774964838,0.0382559774964837,0.0,0.4061884669479605,0.0134286562726076,0.5938115330520394,0.0134286562726075,9.481222891807557,3.342258396231134,0.00024557951485
processed.cleveland_Gen_50_Pop_1000,FEC,stratified,stratified,0.3,0.9297510370073988,0.7989293415360216,-0.0420534458509141,0.0420534458509141,0.0,0.4023909985935302,0.0150360761189159,0.5976090014064698,0.0150360761189159,11.198259131113687,3.738966679951366,8.012244558615803e-05
processed.cleveland_Gen_50_Pop_1000,FEC,stratified,stratified,0.5,0.9791267914554804,0.596901854675448,-0.0369901547116737,0.0369901547116736,0.0,0.4074542897327707,0.0131043437652796,0.5925457102672292,0.0131043437652796,10.633549332618712,3.508526989369436,0.0003579110281917
saheart_Gen_50_Pop_1000,baseline,,baseline_simple,1.0,1.0,,0.0,0.0,0.0,0.3272401433691756,0.0429823681727908,0.6727598566308244,0.0429823681727908,12.670282967885337,6.795979157454,
saheart_Gen_50_Pop_1000,FEC,farthest_point,farthest_point,0.1,1.1236068641533723,0.213458706775701,-0.0386222571903138,0.0386222571903137,0.0,0.2886178861788618,0.0232046482569082,0.7113821138211381,0.0232046482569082,11.27643784681956,6.467050559348178,0.0001048117687282
saheart_Gen_50_Pop_1000,FEC,farthest_point,farthest_point,0.2,1.1929297398778436,0.1083596699617168,-0.0449456537576128,0.0449456537576128,0.0,0.2822944896115628,0.021894641232059,0.7177055103884372,0.021894641232059,10.62114770412445,5.641500269081731,9.50569745224176e-06
saheart_Gen_50_Pop_1000,FEC,farthest_point,farthest_point,0.3,1.1683805619266636,0.1429948694392924,-0.0402482734504764,0.0402482734504764,0.0,0.2869918699186992,0.0256270762516601,0.7130081300813008,0.0256270762516601,10.844311674435934,6.097003070931467,7.665617273518044e-05
saheart_Gen_50_Pop_1000,FEC,farthest_point,farthest_point,0.5,1.0377761748164558,0.3852119779582934,-0.04458431681091,0.04458431681091,0.0,0.2826558265582655,0.018194894028736,0.7173441734417344,0.018194894028736,12.20907096862793,5.051959198613312,7.90952454932657e-06
saheart_Gen_50_Pop_1000,FEC,stratified,stratified,0.1,1.5010025622961272,0.0032294754291809,-0.0345572165399073,0.0345572165399072,0.0,0.2926829268292683,0.0194292122806882,0.7073170731707317,0.0194292122806882,8.441213417053223,4.221203813320267,0.0003102434035664
saheart_Gen_50_Pop_1000,FEC,stratified,stratified,0.2,0.8539125866439994,0.8765428649306141,-0.0461199988343969,0.0461199988343969,0.0,0.2811201445347786,0.0186832517012394,0.7188798554652214,0.0186832517012393,14.83791569073995,7.30743266966773,4.668301580120371e-06
saheart_Gen_50_Pop_1000,FEC,stratified,stratified,0.3,0.9865884709203494,0.5391014848271316,-0.0474750123845324,0.0474750123845324,0.0,0.2797651309846432,0.0170636088756568,0.7202348690153568,0.0170636088756568,12.842520809173584,6.504407228188768,2.540941765673e-06
saheart_Gen_50_Pop_1000,FEC,stratified,stratified,0.5,0.9530346717191204,0.6381545019103532,-0.0449456537576128,0.0449456537576128,0.0,0.2822944896115628,0.0231870583148285,0.7177055103884372,0.0231870583148284,13.29467158317566,6.587849200587295,1.0863501835104495e-05
sonar_Gen_50_Pop_1000,baseline,,baseline_simple,1.0,1.0,,0.0,0.0,0.0,0.4071428571428571,0.0677212507301328,0.5928571428571429,0.0677212507301328,21.97711716492971,3.8080049380040326,
sonar_Gen_50_Pop_1000,FEC,farthest_point,farthest_point,0.1,1.224184698473234,0.0004722446345117,-0.0673838209982788,0.0673838209982787,0.0,0.3397590361445783,0.0158316492726321,0.6602409638554216,0.0158316492726321,17.952452103296917,4.891805791415725,1.0407420503672488e-05
sonar_Gen_50_Pop_1000,FEC,farthest_point,farthest_point,0.2,1.0854064274150186,0.0525174308706452,-0.0888697647733792,0.0888697647733791,0.0,0.3182730923694779,0.0187995137970249,0.681726907630522,0.0187995137970249,20.24782294432322,4.180152887395033,8.498771111712056e-08
sonar_Gen_50_Pop_1000,FEC,farthest_point,farthest_point,0.3,1.062317548182896,0.1480095914901475,-0.0922834193918531,0.0922834193918531,0.0,0.314859437751004,0.0228033246049452,0.685140562248996,0.0228033246049451,20.68789807955424,5.362736154654451,4.0589472886857186e-08
sonar_Gen_50_Pop_1000,FEC,farthest_point,farthest_point,0.5,0.9450631971804758,0.8390638309414169,-0.1005163511187607,0.1005163511187606,0.0,0.3066265060240963,0.0198185752002757,0.6933734939759035,0.0198185752002757,23.25465347766876,5.726122156136373,6.517879789658015e-09
sonar_Gen_50_Pop_1000,FEC,stratified,stratified,0.1,1.108478326553509,0.0607496673753507,-0.0832472748135398,0.0832472748135398,0.0,0.3238955823293172,0.0189660733977805,0.6761044176706827,0.0189660733977805,19.82638418674469,6.282491576779489,3.003314147009609e-07
sonar_Gen_50_Pop_1000,FEC,stratified,stratified,0.2,0.966849630339308,0.7252112746296442,-0.0952954675846242,0.0952954675846241,0.0,0.3118473895582329,0.0154514125326993,0.688152610441767,0.0154514125326993,22.73064649899801,5.556900576843574,2.0967280780535092e-08
sonar_Gen_50_Pop_1000,FEC,stratified,stratified,0.3,0.9704714724633594,0.6981009430508903,-0.0952954675846242,0.0952954675846241,0.0,0.3118473895582329,0.0189021857019899,0.688152610441767,0.0189021857019898,22.64581472873688,5.748614707634052,2.0507062440618975e-08
sonar_Gen_50_Pop_1000,FEC,stratified,stratified,0.5,0.9560699544550376,0.8146704574129986,-0.1077452667814113,0.1077452667814113,0.0,0.2993975903614457,0.021616911207376,0.7006024096385542,0.021616911207376,22.986934232711796,4.6694338546194585,1.3355242632539516e-09
spect_Gen_50_Pop_1000,baseline,,baseline_simple,1.0,1.0,,0.0,0.0,0.0,0.1580246913580246,0.0544610987657106,0.8419753086419753,0.0544610987657105,21.05459639231364,4.196539772100103,
spect_Gen_50_Pop_1000,FEC,farthest_point,farthest_point,0.1,1.305280455895338,1.315254131201668e-06,0.0300817249174056,-0.0300817249174056,0.0,0.1881064162754303,0.0163054976871751,0.8118935837245697,0.016305497687175,16.130323791503905,2.7204055990938767,0.0073687802990948
spect_Gen_50_Pop_1000,FEC,farthest_point,farthest_point,0.2,1.082526584277795,0.0754560797050476,-0.0038775865066945,0.0038775865066945,0.0,0.1541471048513301,0.0163122551980762,0.8458528951486699,0.0163122551980762,19.449495927492777,4.20178681780423,0.7156627471376967
spect_Gen_50_Pop_1000,FEC,farthest_point,farthest_point,0.3,1.0310428829541034,0.2866130176107617,-0.0112328290732046,0.0112328290732046,0.0,0.14679186228482,0.015282072758352,0.85320813771518,0.015282072758352,20.420679624875387,4.324250646306471,0.2925223193703842
spect_Gen_50_Pop_1000,FEC,farthest_point,farthest_point,0.5,1.0704629562266077,0.1184495429424836,-0.0145192140497305,0.0145192140497304,0.0,0.1435054773082941,0.0232756340134192,0.8564945226917058,0.0232756340134192,19.66868285338084,4.62374671108782,0.194428510631055
spect_Gen_50_Pop_1000,FEC,stratified,stratified,0.1,1.1590651507096028,0.0038335495981345,-0.001999652234394,0.001999652234394,0.0,0.1560250391236306,0.0156502347222231,0.8439749608763694,0.0156502347222232,18.16515351136525,3.7526121862409294,0.8504186018182346
spect_Gen_50_Pop_1000,FEC,stratified,stratified,0.2,1.0466683277914033,0.192559545855572,-0.0223439401843157,0.0223439401843157,0.0,0.1356807511737088,0.0171152358061579,0.8643192488262911,0.0171152358061579,20.115824500719707,3.969843826597217,0.0423546150180406
spect_Gen_50_Pop_1000,FEC,stratified,stratified,0.3,0.9911354240388176,0.5679570724302143,-0.0159276647539558,0.0159276647539559,0.0,0.1420970266040688,0.0212025534327886,0.8579029733959312,0.0212025534327886,21.24290574391683,4.144277533830845,0.1505187795568975
spect_Gen_50_Pop_1000,FEC,stratified,stratified,0.5,1.035006542787232,0.2773835894584007,-0.0184315771170231,0.018431577117023,0.0,0.1395931142410015,0.0188548300241991,0.8604068857589984,0.0188548300241991,20.342476614316304,4.903694008986202,0.093643960003547
spectf_Gen_50_Pop_1000,baseline,,baseline_simple,1.0,1.0,,0.0,0.0,0.0,0.289047619047619,0.0542961560550862,0.710952380952381,0.0542961560550862,6.970196135838827,1.8112878482846888,
spectf_Gen_50_Pop_1000,FEC,farthest_point,farthest_point,0.1,0.955545052006188,0.7440348003542574,-0.0192746202423622,0.0192746202423621,0.0,0.2697729988052568,0.0128211024375592,0.7302270011947432,0.0128211024375591,7.294471486409505,1.9291627185373696,0.0719596016174486
spectf_Gen_50_Pop_1000,FEC,farthest_point,farthest_point,0.2,0.9855198370626562,0.5765034270425686,-0.0239341184502475,0.0239341184502475,0.0,0.2651135005973715,0.0116504302920359,0.7348864994026285,0.0116504302920359,7.072608661651612,2.1939062139712857,0.0268880159388589
spectf_Gen_50_Pop_1000,FEC,farthest_point,farthest_point,0.3,0.9874525537522272,0.5731726068280194,-0.0225004266939751,0.0225004266939751,0.0,0.2665471923536439,0.0145881022734184,0.7334528076463561,0.0145881022734184,7.0587656180063885,1.8292116586840432,0.0385007904720761
spectf_Gen_50_Pop_1000,FEC,farthest_point,farthest_point,0.5,0.9746737082316198,0.6285283743361136,-0.0251288615804745,0.0251288615804743,0.0,0.2639187574671445,0.0114277664422922,0.7360812425328553,0.0114277664422922,7.151312359174093,2.3397493974643093,0.0205441359276907
spectf_Gen_50_Pop_1000,FEC,stratified,stratified,0.1,1.0045914109478626,0.4815527101170623,-0.0242925413893155,0.0242925413893154,0.0,0.2647550776583035,0.0142990339788551,0.7352449223416965,0.0142990339788551,6.938339368502299,3.2130906942204014,0.0260737420254599
spectf_Gen_50_Pop_1000,FEC,stratified,stratified,0.2,0.9578662768078482,0.6388339925187894,-0.0258457074586107,0.0258457074586105,0.0,0.2632019115890083,0.0132724078327555,0.7367980884109916,0.0132724078327555,7.276794584592183,4.242710531666274,0.0180753849237379
spectf_Gen_50_Pop_1000,FEC,stratified,stratified,0.3,1.0056530422907597,0.4725970677327077,-0.0266820276497696,0.0266820276497695,0.0,0.2623655913978494,0.0144973106925854,0.7376344086021506,0.0144973106925854,6.9310148159662885,2.4600588242712504,0.0153319141648168
spectf_Gen_50_Pop_1000,FEC,stratified,stratified,0.5,1.0831211715806937,0.1828420456238906,-0.0290715139102236,0.0290715139102235,0.0,0.2599761051373954,0.0149719954101032,0.7400238948626046,0.0149719954101032,6.435287499427796,2.5851494595701485,0.0088719730848666
threeOf9_Gen_50_Pop_1000,baseline,,baseline_simple,1.0,1.0,,0.0,0.0,0.0,0.306472491909385,0.0619983982419599,0.6935275080906149,0.0619983982419598,12.62749920686086,8.190179669482728,
threeOf9_Gen_50_Pop_1000,FEC,farthest_point,farthest_point,0.1,1.4873180851458747,0.0210534727188069,-0.0299443745499718,0.0299443745499718,0.0,0.2765281173594131,0.0313387923511163,0.7234718826405868,0.0313387923511163,8.490113401412964,6.905934128566286,0.0250902853460881
threeOf9_Gen_50_Pop_1000,FEC,farthest_point,farthest_point,0.2,1.5181395683693133,0.0181342275513321,-0.032633861102539,0.032633861102539,0.0,0.2738386308068459,0.0305313616358043,0.726161369193154,0.0305313616358043,8.317745923995972,7.07281288627517,0.0147384023285839
threeOf9_Gen_50_Pop_1000,FEC,farthest_point,farthest_point,0.3,1.0945242476915569,0.3171761448980608,-0.0424953117952856,0.0424953117952856,0.0,0.2639771801140994,0.0308332465584683,0.7360228198859006,0.0308332465584683,11.5369752963384,9.152038934985708,0.0019349723145919
threeOf9_Gen_50_Pop_1000,FEC,farthest_point,farthest_point,0.5,0.9298816491333268,0.6652761168911886,-0.0473852873454078,0.0473852873454079,0.0,0.2590872045639771,0.0200477401749197,0.7409127954360228,0.0200477401749197,13.579684273401895,8.701788977847778,0.0003975591820113
threeOf9_Gen_50_Pop_1000,FEC,stratified,stratified,0.1,0.946065729651812,0.6314148353820768,-0.0487707804179425,0.0487707804179425,0.0,0.2577017114914425,0.0219377768547187,0.7422982885085575,0.0219377768547187,13.347380431493123,8.067253556856905,0.0003056312492743
threeOf9_Gen_50_Pop_1000,FEC,stratified,stratified,0.2,1.0422070756842117,0.4026456660164331,-0.0490152791954486,0.0490152791954486,0.0,0.2574572127139364,0.0263344592728844,0.7425427872860636,0.0263344592728844,12.116113487879437,7.522276780792091,0.0003477108387084
threeOf9_Gen_50_Pop_1000,FEC,stratified,stratified,0.3,1.2617073668938572,0.1114876844489946,-0.0365458415426369,0.0365458415426368,0.0,0.2699266503667481,0.027988436227392,0.7300733496332518,0.027988436227392,10.008263039588927,8.00173398162826,0.0061212855487719
threeOf9_Gen_50_Pop_1000,FEC,stratified,stratified,0.5,1.2465878139841846,0.1329955664535372,-0.0349973492850981,0.0349973492850982,0.0,0.2714751426242868,0.0312185994915866,0.7285248573757132,0.0312185994915866,10.129650767644248,8.737156980833182,0.0095137494501002
wine_Gen_50_Pop_1000,baseline,,baseline_simple,1.0,1.0,,0.0,0.0,0.0,1.0,0.0,0.0,0.0,5.604268662134806,0.4677799296560596,
wine_Gen_50_Pop_1000,FEC,farthest_point,farthest_point,0.1,1.0198247156975455,0.2145394606496498,0.0,0.0,0.0,1.0,0.0,0.0,0.0,5.49532539844513,0.568894839959972,
wine_Gen_50_Pop_1000,FEC,farthest_point,farthest_point,0.2,0.976710839354909,0.774919934740768,0.0,0.0,0.0,1.0,0.0,0.0,0.0,5.737899525960287,0.8209135412323892,
wine_Gen_50_Pop_1000,FEC,farthest_point,farthest_point,0.3,0.991861325610468,0.5843148919124141,0.0,0.0,0.0,1.0,0.0,0.0,0.0,5.650254241625468,1.0564124913652493,
wine_Gen_50_Pop_1000,FEC,farthest_point,farthest_point,0.5,0.9982838209392628,0.5226323032456623,0.0,0.0,0.0,1.0,0.0,0.0,0.0,5.613903125127156,0.7796845312166291,
wine_Gen_50_Pop_1000,FEC,stratified,stratified,0.1,1.0309552963239963,0.159697093527816,0.0,0.0,0.0,1.0,0.0,0.0,0.0,5.435995801289876,0.7696087194179598,
wine_Gen_50_Pop_1000,FEC,stratified,stratified,0.2,0.9885655500900492,0.6403474855433562,0.0,0.0,0.0,1.0,0.0,0.0,0.0,5.669091606140137,0.84436270473613,
wine_Gen_50_Pop_1000,FEC,stratified,stratified,0.3,0.970289603738048,0.7885662352750874,0.0,0.0,0.0,1.0,0.0,0.0,0.0,5.775872111320496,1.0410187467089471,
wine_Gen_50_Pop_1000,FEC,stratified,stratified,0.5,1.011349262266752,0.3250307926041346,0.0,0.0,0.0,1.0,0.0,0.0,0.0,5.54137810866038,0.5765856358460838,
wine_smoth_class_Gen_50_Pop_1000,baseline,,baseline_simple,1.0,1.0,,0.0,0.0,0.0,1.0,0.0,0.0,0.0,5.696405577659607,0.532237828996231,
wine_smoth_class_Gen_50_Pop_1000,FEC,farthest_point,farthest_point,0.1,1.0210373941629487,0.2638829487321844,0.0,0.0,0.0,1.0,0.0,0.0,0.0,5.579037173589071,0.839344885182496,
wine_smoth_class_Gen_50_Pop_1000,FEC,farthest_point,farthest_point,0.2,1.0111034503170944,0.3719592363968003,0.0,0.0,0.0,1.0,0.0,0.0,0.0,5.633850399653117,0.876306546236247,
wine_smoth_class_Gen_50_Pop_1000,FEC,farthest_point,farthest_point,0.3,1.0195676303382328,0.2748128457503349,0.0,0.0,0.0,1.0,0.0,0.0,0.0,5.587079668045044,0.8196311283191703,
wine_smoth_class_Gen_50_Pop_1000,FEC,farthest_point,farthest_point,0.5,1.0309271232768429,0.1423805001619003,0.0,0.0,0.0,1.0,0.0,0.0,0.0,5.525517225265503,0.6652716295214051,
wine_smoth_class_Gen_50_Pop_1000,FEC,stratified,stratified,0.1,1.0085763130612366,0.3986208818237383,0.0,0.0,0.0,1.0,0.0,0.0,0.0,5.647966845830282,0.8580680646508723,
wine_smoth_class_Gen_50_Pop_1000,FEC,stratified,stratified,0.2,1.037461885536692,0.1074900017364446,0.0,0.0,0.0,1.0,0.0,0.0,0.0,5.4907131115595496,0.7043199172010811,
wine_smoth_class_Gen_50_Pop_1000,FEC,stratified,stratified,0.3,1.0517064306152528,0.0325253371826955,0.0,0.0,0.0,1.0,0.0,0.0,0.0,5.416345675786336,0.599597375690993,
wine_smoth_class_Gen_50_Pop_1000,FEC,stratified,stratified,0.5,0.9906831839497222,0.5842360440628942,0.0,0.0,0.0,1.0,0.0,0.0,0.0,5.749977056185404,1.2374826609753342,
