experiment_dir,dataset_file,evolution_generations,evolution_population,fec_mode,source,sampling_method,mode,sample_fraction,speedup,speedup_pvalue,delta_mae_vs_baseline,delta_accuracy_vs_baseline,fake_hit_ratio_mean,final_test_mae_mean,final_test_mae_std,final_test_accuracy_mean,final_test_accuracy_std,total_time_sec_mean,total_time_sec_std,mae_pvalue,n_rows,n_columns_total,n_features_raw,n_features_numeric_raw,n_features_categorical_raw,n_missing_cells,missing_pct,label_column,n_classes,majority_class_fraction,is_binary,n_rows_used_after_cleaning,n_features_used_after_encoding,c1,c2,cls_coef,density,f1.mean,f1v.mean,f2.mean,f3.mean,f4.mean,hubs.mean,l1.mean,l2.mean,l3.mean,lsc,n1,n2.mean,n3.mean,n4.mean,t1,t2,t3,t4,error
analcatdata_creditscore_Gen_50_Pop_500,analcatdata_creditscore.csv,50,500,noFake,baseline,,baseline_simple,1.0,1.0,,0.0,0.0,0.0,0.0299999999999999,0.0399999999999999,0.97,0.04,6.064244115352631,2.084407323983984,,100.0,7.0,6.0,6.0,0.0,0.0,0.0,target,2.0,0.73,True,100.0,6.0,0.8414646362081756,0.349290194783757,0.3553847482511443,0.8549494949494949,0.9345839903524008,0.2737477921545759,0.0,0.28,0.0,0.7396730231761799,0.0320275447376267,0.06,0.01,0.9349,0.36,0.3812050550983271,0.2,0.29,0.34,0.06,0.05,0.8333333333333334,
analcatdata_creditscore_Gen_50_Pop_500,analcatdata_creditscore.csv,50,500,noFake,FEC,farthest_point,fec_simple_farthest_point,0.1,1.3012665277617428,0.0179499438131762,0.0018749999999999,-0.0018749999999999,0.0,0.0318749999999999,0.0251479994234133,0.968125,0.0251479994234133,4.660262894630432,1.8880095082546304,0.8637588331298272,100.0,7.0,6.0,6.0,0.0,0.0,0.0,target,2.0,0.73,True,100.0,6.0,0.8414646362081756,0.349290194783757,0.3553847482511443,0.8549494949494949,0.9345839903524008,0.2737477921545759,0.0,0.28,0.0,0.7396730231761799,0.0320275447376267,0.06,0.01,0.9349,0.36,0.3812050550983271,0.2,0.29,0.34,0.06,0.05,0.8333333333333334,
analcatdata_creditscore_Gen_50_Pop_500,analcatdata_creditscore.csv,50,500,noFake,FEC,farthest_point,fec_simple_farthest_point,0.2,1.42425063609007,0.0007197890348255,-0.016875,0.016875,0.0,0.0131249999999999,0.0092491553668429,0.986875,0.0092491553668429,4.2578489780426025,0.5608382571264137,0.0875966599145004,100.0,7.0,6.0,6.0,0.0,0.0,0.0,target,2.0,0.73,True,100.0,6.0,0.8414646362081756,0.349290194783757,0.3553847482511443,0.8549494949494949,0.9345839903524008,0.2737477921545759,0.0,0.28,0.0,0.7396730231761799,0.0320275447376267,0.06,0.01,0.9349,0.36,0.3812050550983271,0.2,0.29,0.34,0.06,0.05,0.8333333333333334,
analcatdata_creditscore_Gen_50_Pop_500,analcatdata_creditscore.csv,50,500,noFake,FEC,farthest_point,fec_simple_farthest_point,0.3,1.4007510227296045,0.0011906611405299,-0.01875,0.0187500000000001,0.0,0.0112499999999999,0.0078062474979979,0.98875,0.0078062474979979,4.329280519485474,0.7970656817582094,0.0583373542700416,100.0,7.0,6.0,6.0,0.0,0.0,0.0,target,2.0,0.73,True,100.0,6.0,0.8414646362081756,0.349290194783757,0.3553847482511443,0.8549494949494949,0.9345839903524008,0.2737477921545759,0.0,0.28,0.0,0.7396730231761799,0.0320275447376267,0.06,0.01,0.9349,0.36,0.3812050550983271,0.2,0.29,0.34,0.06,0.05,0.8333333333333334,
analcatdata_creditscore_Gen_50_Pop_500,analcatdata_creditscore.csv,50,500,noFake,FEC,stratified,fec_simple_stratified,0.1,1.4222885169724913,0.0007322324420527,0.0249999999999999,-0.025,0.0,0.0549999999999999,0.0312249899919919,0.945,0.0312249899919919,4.263722896575928,0.5375492595849845,0.0385841018601965,100.0,7.0,6.0,6.0,0.0,0.0,0.0,target,2.0,0.73,True,100.0,6.0,0.8414646362081756,0.349290194783757,0.3553847482511443,0.8549494949494949,0.9345839903524008,0.2737477921545759,0.0,0.28,0.0,0.7396730231761799,0.0320275447376267,0.06,0.01,0.9349,0.36,0.3812050550983271,0.2,0.29,0.34,0.06,0.05,0.8333333333333334,
analcatdata_creditscore_Gen_50_Pop_500,analcatdata_creditscore.csv,50,500,noFake,FEC,stratified,fec_simple_stratified,0.2,1.4258116371055791,0.000866662753201,-0.003125,0.0031249999999999,0.0,0.0268749999999999,0.0186560144457491,0.973125,0.0186560144457491,4.253187417984009,0.8555019848798718,0.7599870998346117,100.0,7.0,6.0,6.0,0.0,0.0,0.0,target,2.0,0.73,True,100.0,6.0,0.8414646362081756,0.349290194783757,0.3553847482511443,0.8549494949494949,0.9345839903524008,0.2737477921545759,0.0,0.28,0.0,0.7396730231761799,0.0320275447376267,0.06,0.01,0.9349,0.36,0.3812050550983271,0.2,0.29,0.34,0.06,0.05,0.8333333333333334,
analcatdata_creditscore_Gen_50_Pop_500,analcatdata_creditscore.csv,50,500,noFake,FEC,stratified,fec_simple_stratified,0.3,1.4114240594879952,0.0007999093733694,-0.006875,0.006875,0.0,0.0231249999999999,0.0149347539316856,0.976875,0.0149347539316856,4.296542966365815,0.3465667296181746,0.4894631282347546,100.0,7.0,6.0,6.0,0.0,0.0,0.0,target,2.0,0.73,True,100.0,6.0,0.8414646362081756,0.349290194783757,0.3553847482511443,0.8549494949494949,0.9345839903524008,0.2737477921545759,0.0,0.28,0.0,0.7396730231761799,0.0320275447376267,0.06,0.01,0.9349,0.36,0.3812050550983271,0.2,0.29,0.34,0.06,0.05,0.8333333333333334,
analcatdata_creditscore_Gen_50_Pop_500,analcatdata_creditscore.csv,50,500,withFake,baseline,,baseline_simple,1.0,1.0,,0.0,0.0,0.0,0.0299999999999999,0.0399999999999999,0.97,0.04,6.064244115352631,2.084407323983984,,100.0,7.0,6.0,6.0,0.0,0.0,0.0,target,2.0,0.73,True,100.0,6.0,0.8414646362081756,0.349290194783757,0.3553847482511443,0.8549494949494949,0.9345839903524008,0.2737477921545759,0.0,0.28,0.0,0.7396730231761799,0.0320275447376267,0.06,0.01,0.9349,0.36,0.3812050550983271,0.2,0.29,0.34,0.06,0.05,0.8333333333333334,
analcatdata_creditscore_Gen_50_Pop_500,analcatdata_creditscore.csv,50,500,withFake,FEC,farthest_point,fec_simple_farthest_point,0.1,1.3283785864723252,0.0037976919552341,0.0056249999999999,-0.0056249999999998,0.5552363467461331,0.0356249999999999,0.024772401478258,0.964375,0.024772401478258,5.584632849693298,1.045398872972553,0.6059001014731948,100.0,7.0,6.0,6.0,0.0,0.0,0.0,target,2.0,0.73,True,100.0,6.0,0.8414646362081756,0.349290194783757,0.3553847482511443,0.8549494949494949,0.9345839903524008,0.2737477921545759,0.0,0.28,0.0,0.7396730231761799,0.0320275447376267,0.06,0.01,0.9349,0.36,0.3812050550983271,0.2,0.29,0.34,0.06,0.05,0.8333333333333334,
analcatdata_creditscore_Gen_50_Pop_500,analcatdata_creditscore.csv,50,500,withFake,FEC,farthest_point,fec_simple_farthest_point,0.2,1.23147891598005,0.0167666387968566,-0.0125,0.0125000000000001,0.3474849786784465,0.0174999999999999,0.0072886898685566,0.9825000000000002,0.0072886898685566,5.9476511716842655,0.7856489294058633,0.1950527356894871,100.0,7.0,6.0,6.0,0.0,0.0,0.0,target,2.0,0.73,True,100.0,6.0,0.8414646362081756,0.349290194783757,0.3553847482511443,0.8549494949494949,0.9345839903524008,0.2737477921545759,0.0,0.28,0.0,0.7396730231761799,0.0320275447376267,0.06,0.01,0.9349,0.36,0.3812050550983271,0.2,0.29,0.34,0.06,0.05,0.8333333333333334,
analcatdata_creditscore_Gen_50_Pop_500,analcatdata_creditscore.csv,50,500,withFake,FEC,farthest_point,fec_simple_farthest_point,0.3,1.072901244757015,0.2580463686183022,-0.016875,0.016875,0.2926614009653368,0.0131249999999999,0.0062186714819163,0.986875,0.0062186714819164,6.828101551532745,2.171104316090825,0.0842828492870651,100.0,7.0,6.0,6.0,0.0,0.0,0.0,target,2.0,0.73,True,100.0,6.0,0.8414646362081756,0.349290194783757,0.3553847482511443,0.8549494949494949,0.9345839903524008,0.2737477921545759,0.0,0.28,0.0,0.7396730231761799,0.0320275447376267,0.06,0.01,0.9349,0.36,0.3812050550983271,0.2,0.29,0.34,0.06,0.05,0.8333333333333334,
analcatdata_creditscore_Gen_50_Pop_500,analcatdata_creditscore.csv,50,500,withFake,FEC,stratified,fec_simple_stratified,0.1,1.252327631985351,0.0123737399355722,0.0199999999999999,-0.02,0.6980405995584551,0.0499999999999999,0.0323554477638619,0.95,0.0323554477638619,5.944288003444672,0.937096145217008,0.0987098028926064,100.0,7.0,6.0,6.0,0.0,0.0,0.0,target,2.0,0.73,True,100.0,6.0,0.8414646362081756,0.349290194783757,0.3553847482511443,0.8549494949494949,0.9345839903524008,0.2737477921545759,0.0,0.28,0.0,0.7396730231761799,0.0320275447376267,0.06,0.01,0.9349,0.36,0.3812050550983271,0.2,0.29,0.34,0.06,0.05,0.8333333333333334,
analcatdata_creditscore_Gen_50_Pop_500,analcatdata_creditscore.csv,50,500,withFake,FEC,stratified,fec_simple_stratified,0.2,1.190564753031651,0.03539630831215,-0.00125,0.00125,0.5859254857818087,0.0287499999999999,0.0168170300588421,0.97125,0.0168170300588421,6.236632525920868,1.0018044025747153,0.9010571678039238,100.0,7.0,6.0,6.0,0.0,0.0,0.0,target,2.0,0.73,True,100.0,6.0,0.8414646362081756,0.349290194783757,0.3553847482511443,0.8549494949494949,0.9345839903524008,0.2737477921545759,0.0,0.28,0.0,0.7396730231761799,0.0320275447376267,0.06,0.01,0.9349,0.36,0.3812050550983271,0.2,0.29,0.34,0.06,0.05,0.8333333333333334,
analcatdata_creditscore_Gen_50_Pop_500,analcatdata_creditscore.csv,50,500,withFake,FEC,stratified,fec_simple_stratified,0.3,1.233772905985484,0.0175927453026399,-0.008125,0.008125,0.4697970056829534,0.0218749999999999,0.0117759023008854,0.978125,0.0117759023008854,5.970659482479095,0.9825663486068106,0.4047203937581403,100.0,7.0,6.0,6.0,0.0,0.0,0.0,target,2.0,0.73,True,100.0,6.0,0.8414646362081756,0.349290194783757,0.3553847482511443,0.8549494949494949,0.9345839903524008,0.2737477921545759,0.0,0.28,0.0,0.7396730231761799,0.0320275447376267,0.06,0.01,0.9349,0.36,0.3812050550983271,0.2,0.29,0.34,0.06,0.05,0.8333333333333334,
breast_cancer_Gen_10_Pop_100,breast_cancer.csv,10,100,noFake,baseline,,baseline_simple,1.0,1.0,,0.0,0.0,0.0,0.2482758620689654,0.0518389530288721,0.7517241379310345,0.051838953028872,0.1489083290100097,0.0385126386160546,,286.0,10.0,9.0,9.0,0.0,0.0,0.0,target,2.0,0.7027972027972028,True,286.0,9.0,0.8778446951746506,0.2825347499265107,0.4063724379108246,0.8812170285854496,0.9668039815128916,0.5364365817551126,0.6399999952316284,0.9965034965034965,0.993006993006993,0.6391743976791805,0.1797275662280528,0.2657342657342657,0.2657342657342657,0.9857572497432636,0.4335664335664335,,0.2937062937062937,0.3706293706293706,0.444055944055944,0.0314685314685314,0.0244755244755244,0.7777777777777778,
breast_cancer_Gen_10_Pop_100,breast_cancer.csv,10,100,noFake,FEC,farthest_point,fec_simple_farthest_point,0.1,1.105174459097524,0.2839453206371118,-0.0052934059286146,0.0052934059286146,0.0,0.2429824561403508,0.0090312545096377,0.7570175438596491,0.0090312545096377,0.1347373962402343,0.0275896261949429,0.8498276935733141,286.0,10.0,9.0,9.0,0.0,0.0,0.0,target,2.0,0.7027972027972028,True,286.0,9.0,0.8778446951746506,0.2825347499265107,0.4063724379108246,0.8812170285854496,0.9668039815128916,0.5364365817551126,0.6399999952316284,0.9965034965034965,0.993006993006993,0.6391743976791805,0.1797275662280528,0.2657342657342657,0.2657342657342657,0.9857572497432636,0.4335664335664335,,0.2937062937062937,0.3706293706293706,0.444055944055944,0.0314685314685314,0.0244755244755244,0.7777777777777778,
breast_cancer_Gen_10_Pop_100,breast_cancer.csv,10,100,noFake,FEC,farthest_point,fec_simple_farthest_point,0.2,0.9154297838585584,0.7377498258898254,-0.0026618269812462,0.0026618269812461,0.0,0.2456140350877192,0.0110957110883101,0.7543859649122807,0.0110957110883101,0.1626649379730224,0.0107998640074204,0.9244548259562698,286.0,10.0,9.0,9.0,0.0,0.0,0.0,target,2.0,0.7027972027972028,True,286.0,9.0,0.8778446951746506,0.2825347499265107,0.4063724379108246,0.8812170285854496,0.9668039815128916,0.5364365817551126,0.6399999952316284,0.9965034965034965,0.993006993006993,0.6391743976791805,0.1797275662280528,0.2657342657342657,0.2657342657342657,0.9857572497432636,0.4335664335664335,,0.2937062937062937,0.3706293706293706,0.444055944055944,0.0314685314685314,0.0244755244755244,0.7777777777777778,
breast_cancer_Gen_10_Pop_100,breast_cancer.csv,10,100,noFake,FEC,farthest_point,fec_simple_farthest_point,0.3,0.9812210142650664,0.5506669578133485,0.0122504537205081,-0.0122504537205081,0.0,0.2605263157894736,0.0116372799661592,0.7394736842105264,0.0116372799661592,0.1517581939697265,0.0187766445769105,0.6665605511469305,286.0,10.0,9.0,9.0,0.0,0.0,0.0,target,2.0,0.7027972027972028,True,286.0,9.0,0.8778446951746506,0.2825347499265107,0.4063724379108246,0.8812170285854496,0.9668039815128916,0.5364365817551126,0.6399999952316284,0.9965034965034965,0.993006993006993,0.6391743976791805,0.1797275662280528,0.2657342657342657,0.2657342657342657,0.9857572497432636,0.4335664335664335,,0.2937062937062937,0.3706293706293706,0.444055944055944,0.0314685314685314,0.0244755244755244,0.7777777777777778,
breast_cancer_Gen_10_Pop_100,breast_cancer.csv,10,100,noFake,FEC,stratified,fec_simple_stratified,0.1,1.0693296662130705,0.3756596433418898,-0.0009074410163339,0.0009074410163338,0.0,0.2473684210526315,0.0222952018019979,0.7526315789473684,0.0222952018019979,0.1392539024353027,0.0444641112781135,0.9754921101568246,286.0,10.0,9.0,9.0,0.0,0.0,0.0,target,2.0,0.7027972027972028,True,286.0,9.0,0.8778446951746506,0.2825347499265107,0.4063724379108246,0.8812170285854496,0.9668039815128916,0.5364365817551126,0.6399999952316284,0.9965034965034965,0.993006993006993,0.6391743976791805,0.1797275662280528,0.2657342657342657,0.2657342657342657,0.9857572497432636,0.4335664335664335,,0.2937062937062937,0.3706293706293706,0.444055944055944,0.0314685314685314,0.0244755244755244,0.7777777777777778,
breast_cancer_Gen_10_Pop_100,breast_cancer.csv,10,100,noFake,FEC,stratified,fec_simple_stratified,0.2,1.044918841326512,0.3947818414378956,-0.0114337568058076,0.0114337568058076,0.0,0.2368421052631578,0.0092000776155276,0.7631578947368421,0.0092000776155276,0.1425070762634276,0.025431292532275,0.6851830098846209,286.0,10.0,9.0,9.0,0.0,0.0,0.0,target,2.0,0.7027972027972028,True,286.0,9.0,0.8778446951746506,0.2825347499265107,0.4063724379108246,0.8812170285854496,0.9668039815128916,0.5364365817551126,0.6399999952316284,0.9965034965034965,0.993006993006993,0.6391743976791805,0.1797275662280528,0.2657342657342657,0.2657342657342657,0.9857572497432636,0.4335664335664335,,0.2937062937062937,0.3706293706293706,0.444055944055944,0.0314685314685314,0.0244755244755244,0.7777777777777778,
breast_cancer_Gen_10_Pop_100,breast_cancer.csv,10,100,noFake,FEC,stratified,fec_simple_stratified,0.3,1.038738040821947,0.3981823625138548,-0.0044162129461585,0.0044162129461584,0.0,0.2438596491228069,0.0125900878021116,0.756140350877193,0.0125900878021117,0.1433550357818603,0.013432773273704,0.8757190913873821,286.0,10.0,9.0,9.0,0.0,0.0,0.0,target,2.0,0.7027972027972028,True,286.0,9.0,0.8778446951746506,0.2825347499265107,0.4063724379108246,0.8812170285854496,0.9668039815128916,0.5364365817551126,0.6399999952316284,0.9965034965034965,0.993006993006993,0.6391743976791805,0.1797275662280528,0.2657342657342657,0.2657342657342657,0.9857572497432636,0.4335664335664335,,0.2937062937062937,0.3706293706293706,0.444055944055944,0.0314685314685314,0.0244755244755244,0.7777777777777778,
breast_cancer_Gen_10_Pop_100,breast_cancer.csv,10,100,withFake,baseline,,baseline_simple,1.0,1.0,,0.0,0.0,0.0,0.2482758620689654,0.0518389530288721,0.7517241379310345,0.051838953028872,0.1489083290100097,0.0385126386160546,,286.0,10.0,9.0,9.0,0.0,0.0,0.0,target,2.0,0.7027972027972028,True,286.0,9.0,0.8778446951746506,0.2825347499265107,0.4063724379108246,0.8812170285854496,0.9668039815128916,0.5364365817551126,0.6399999952316284,0.9965034965034965,0.993006993006993,0.6391743976791805,0.1797275662280528,0.2657342657342657,0.2657342657342657,0.9857572497432636,0.4335664335664335,,0.2937062937062937,0.3706293706293706,0.444055944055944,0.0314685314685314,0.0244755244755244,0.7777777777777778,
breast_cancer_Gen_10_Pop_100,breast_cancer.csv,10,100,withFake,FEC,farthest_point,fec_simple_farthest_point,0.1,0.984934819608992,0.5384489192019105,-0.0009074410163339,0.0009074410163339,0.3163752517571991,0.2473684210526315,0.017891296538922,0.7526315789473685,0.017891296538922,0.1740976333618163,0.0270334493711516,0.9748948636545174,286.0,10.0,9.0,9.0,0.0,0.0,0.0,target,2.0,0.7027972027972028,True,286.0,9.0,0.8778446951746506,0.2825347499265107,0.4063724379108246,0.8812170285854496,0.9668039815128916,0.5364365817551126,0.6399999952316284,0.9965034965034965,0.993006993006993,0.6391743976791805,0.1797275662280528,0.2657342657342657,0.2657342657342657,0.9857572497432636,0.4335664335664335,,0.2937062937062937,0.3706293706293706,0.444055944055944,0.0314685314685314,0.0244755244755244,0.7777777777777778,
breast_cancer_Gen_10_Pop_100,breast_cancer.csv,10,100,withFake,FEC,farthest_point,fec_simple_farthest_point,0.2,0.9645425073872614,0.5936278346546239,-0.0026618269812462,0.0026618269812461,0.1886923014854972,0.2456140350877192,0.0168731439137467,0.7543859649122807,0.0168731439137467,0.1727225303649902,0.0241550923924835,0.9261234730352148,286.0,10.0,9.0,9.0,0.0,0.0,0.0,target,2.0,0.7027972027972028,True,286.0,9.0,0.8778446951746506,0.2825347499265107,0.4063724379108246,0.8812170285854496,0.9668039815128916,0.5364365817551126,0.6399999952316284,0.9965034965034965,0.993006993006993,0.6391743976791805,0.1797275662280528,0.2657342657342657,0.2657342657342657,0.9857572497432636,0.4335664335664335,,0.2937062937062937,0.3706293706293706,0.444055944055944,0.0314685314685314,0.0244755244755244,0.7777777777777778,
breast_cancer_Gen_10_Pop_100,breast_cancer.csv,10,100,withFake,FEC,farthest_point,fec_simple_farthest_point,0.3,0.8729258555995093,0.7617972206303343,-0.0044162129461585,0.0044162129461584,0.0821106278013711,0.2438596491228069,0.010599163134732,0.756140350877193,0.010599163134732,0.1899885654449462,0.0450147808418627,0.874929137725388,286.0,10.0,9.0,9.0,0.0,0.0,0.0,target,2.0,0.7027972027972028,True,286.0,9.0,0.8778446951746506,0.2825347499265107,0.4063724379108246,0.8812170285854496,0.9668039815128916,0.5364365817551126,0.6399999952316284,0.9965034965034965,0.993006993006993,0.6391743976791805,0.1797275662280528,0.2657342657342657,0.2657342657342657,0.9857572497432636,0.4335664335664335,,0.2937062937062937,0.3706293706293706,0.444055944055944,0.0314685314685314,0.0244755244755244,0.7777777777777778,
breast_cancer_Gen_10_Pop_100,breast_cancer.csv,10,100,withFake,FEC,stratified,fec_simple_stratified,0.1,0.8822653656025053,0.8149327024287729,-0.0044162129461585,0.0044162129461584,0.6320140038334615,0.2438596491228069,0.0210526315789473,0.756140350877193,0.0210526315789473,0.1995858192443847,0.0128758568829809,0.8804228530564919,286.0,10.0,9.0,9.0,0.0,0.0,0.0,target,2.0,0.7027972027972028,True,286.0,9.0,0.8778446951746506,0.2825347499265107,0.4063724379108246,0.8812170285854496,0.9668039815128916,0.5364365817551126,0.6399999952316284,0.9965034965034965,0.993006993006993,0.6391743976791805,0.1797275662280528,0.2657342657342657,0.2657342657342657,0.9857572497432636,0.4335664335664335,,0.2937062937062937,0.3706293706293706,0.444055944055944,0.0314685314685314,0.0244755244755244,0.7777777777777778,
breast_cancer_Gen_10_Pop_100,breast_cancer.csv,10,100,withFake,FEC,stratified,fec_simple_stratified,0.2,0.8870545750204973,0.7952172254004729,-0.00178463399879,0.00178463399879,0.4508552569662279,0.2464912280701754,0.0142526989555016,0.7535087719298246,0.0142526989555016,0.1930773735046386,0.0190755476841441,0.9498546020493172,286.0,10.0,9.0,9.0,0.0,0.0,0.0,target,2.0,0.7027972027972028,True,286.0,9.0,0.8778446951746506,0.2825347499265107,0.4063724379108246,0.8812170285854496,0.9668039815128916,0.5364365817551126,0.6399999952316284,0.9965034965034965,0.993006993006993,0.6391743976791805,0.1797275662280528,0.2657342657342657,0.2657342657342657,0.9857572497432636,0.4335664335664335,,0.2937062937062937,0.3706293706293706,0.444055944055944,0.0314685314685314,0.0244755244755244,0.7777777777777778,
breast_cancer_Gen_10_Pop_100,breast_cancer.csv,10,100,withFake,FEC,stratified,fec_simple_stratified,0.3,1.0238642101269169,0.4448408049615202,-0.0017846339987901,0.00178463399879,0.132154468421948,0.2464912280701753,0.0085047015042392,0.7535087719298246,0.0085047015042391,0.1646940708160399,0.0324072597151728,0.9489316164166955,286.0,10.0,9.0,9.0,0.0,0.0,0.0,target,2.0,0.7027972027972028,True,286.0,9.0,0.8778446951746506,0.2825347499265107,0.4063724379108246,0.8812170285854496,0.9668039815128916,0.5364365817551126,0.6399999952316284,0.9965034965034965,0.993006993006993,0.6391743976791805,0.1797275662280528,0.2657342657342657,0.2657342657342657,0.9857572497432636,0.4335664335664335,,0.2937062937062937,0.3706293706293706,0.444055944055944,0.0314685314685314,0.0244755244755244,0.7777777777777778,
breast_cancer_Gen_10_Pop_50,breast_cancer.csv,10,50,noFake,baseline,,baseline_simple,1.0,1.0,,0.0,0.0,0.0,0.253448275862069,0.0523241065706673,0.746551724137931,0.0523241065706672,0.089578104019165,0.0486046968189517,,286.0,10.0,9.0,9.0,0.0,0.0,0.0,target,2.0,0.7027972027972028,True,286.0,9.0,0.8778446951746506,0.2825347499265107,0.4063724379108246,0.8812170285854496,0.9668039815128916,0.5364365817551126,0.6399999952316284,0.9965034965034965,0.993006993006993,0.6391743976791805,0.1797275662280528,0.2657342657342657,0.2657342657342657,0.9857572497432636,0.4335664335664335,,0.2937062937062937,0.3706293706293706,0.444055944055944,0.0314685314685314,0.0244755244755244,0.7777777777777778,
breast_cancer_Gen_10_Pop_50,breast_cancer.csv,10,50,noFake,FEC,farthest_point,farthest_point,0.1,1.1192106974434533,0.2990984414556306,-0.0025710828796128,0.0025710828796128,0.0,0.2508771929824561,0.0107075049260822,0.7491228070175439,0.0107075049260822,0.0800368547439574,0.0208888330963411,0.8881095951468415,286.0,10.0,9.0,9.0,0.0,0.0,0.0,target,2.0,0.7027972027972028,True,286.0,9.0,0.8778446951746506,0.2825347499265107,0.4063724379108246,0.8812170285854496,0.9668039815128916,0.5364365817551126,0.6399999952316284,0.9965034965034965,0.993006993006993,0.6391743976791805,0.1797275662280528,0.2657342657342657,0.2657342657342657,0.9857572497432636,0.4335664335664335,,0.2937062937062937,0.3706293706293706,0.444055944055944,0.0314685314685314,0.0244755244755244,0.7777777777777778,
breast_cancer_Gen_10_Pop_50,breast_cancer.csv,10,50,noFake,FEC,farthest_point,farthest_point,0.2,1.0566681403634297,0.3893572461216435,-0.0016938898971567,0.0016938898971566,0.0,0.2517543859649122,0.0145730243209089,0.7482456140350877,0.0145730243209089,0.0847741127014159,0.0113832735004913,0.9272401218061824,286.0,10.0,9.0,9.0,0.0,0.0,0.0,target,2.0,0.7027972027972028,True,286.0,9.0,0.8778446951746506,0.2825347499265107,0.4063724379108246,0.8812170285854496,0.9668039815128916,0.5364365817551126,0.6399999952316284,0.9965034965034965,0.993006993006993,0.6391743976791805,0.1797275662280528,0.2657342657342657,0.2657342657342657,0.9857572497432636,0.4335664335664335,,0.2937062937062937,0.3706293706293706,0.444055944055944,0.0314685314685314,0.0244755244755244,0.7777777777777778,
breast_cancer_Gen_10_Pop_50,breast_cancer.csv,10,50,noFake,FEC,farthest_point,farthest_point,0.3,1.2024928220308528,0.1968414739670464,0.0040078644888081,-0.0040078644888082,0.0,0.2574561403508771,0.0140145134286582,0.7425438596491227,0.0140145134286582,0.0744936704635619,0.0152041462557423,0.8286853995476298,286.0,10.0,9.0,9.0,0.0,0.0,0.0,target,2.0,0.7027972027972028,True,286.0,9.0,0.8778446951746506,0.2825347499265107,0.4063724379108246,0.8812170285854496,0.9668039815128916,0.5364365817551126,0.6399999952316284,0.9965034965034965,0.993006993006993,0.6391743976791805,0.1797275662280528,0.2657342657342657,0.2657342657342657,0.9857572497432636,0.4335664335664335,,0.2937062937062937,0.3706293706293706,0.444055944055944,0.0314685314685314,0.0244755244755244,0.7777777777777778,
breast_cancer_Gen_10_Pop_50,breast_cancer.csv,10,50,noFake,FEC,stratified,stratified,0.1,1.24039801783421,0.1627286197678291,0.0013762855414397,-0.0013762855414397,0.0,0.2548245614035087,0.0173730722108231,0.7451754385964913,0.0173730722108231,0.0722172260284423,0.0135746642420158,0.9416522520566818,286.0,10.0,9.0,9.0,0.0,0.0,0.0,target,2.0,0.7027972027972028,True,286.0,9.0,0.8778446951746506,0.2825347499265107,0.4063724379108246,0.8812170285854496,0.9668039815128916,0.5364365817551126,0.6399999952316284,0.9965034965034965,0.993006993006993,0.6391743976791805,0.1797275662280528,0.2657342657342657,0.2657342657342657,0.9857572497432636,0.4335664335664335,,0.2937062937062937,0.3706293706293706,0.444055944055944,0.0314685314685314,0.0244755244755244,0.7777777777777778,
breast_cancer_Gen_10_Pop_50,breast_cancer.csv,10,50,noFake,FEC,stratified,stratified,0.2,1.1303237320035235,0.2769553811075783,-0.0047640653357532,0.0047640653357532,0.0,0.2486842105263157,0.0174393818877816,0.7513157894736843,0.0174393818877816,0.0792499542236327,0.0143666700737087,0.8003283675800137,286.0,10.0,9.0,9.0,0.0,0.0,0.0,target,2.0,0.7027972027972028,True,286.0,9.0,0.8778446951746506,0.2825347499265107,0.4063724379108246,0.8812170285854496,0.9668039815128916,0.5364365817551126,0.6399999952316284,0.9965034965034965,0.993006993006993,0.6391743976791805,0.1797275662280528,0.2657342657342657,0.2657342657342657,0.9857572497432636,0.4335664335664335,,0.2937062937062937,0.3706293706293706,0.444055944055944,0.0314685314685314,0.0244755244755244,0.7777777777777778,
breast_cancer_Gen_10_Pop_50,breast_cancer.csv,10,50,noFake,FEC,stratified,stratified,0.3,1.166938535659356,0.2318451037692344,-0.0008166969147005,0.0008166969147005,0.0,0.2526315789473684,0.0191380914291854,0.7473684210526316,0.0191380914291854,0.0767633438110351,0.0138626527476414,0.965686652747645,286.0,10.0,9.0,9.0,0.0,0.0,0.0,target,2.0,0.7027972027972028,True,286.0,9.0,0.8778446951746506,0.2825347499265107,0.4063724379108246,0.8812170285854496,0.9668039815128916,0.5364365817551126,0.6399999952316284,0.9965034965034965,0.993006993006993,0.6391743976791805,0.1797275662280528,0.2657342657342657,0.2657342657342657,0.9857572497432636,0.4335664335664335,,0.2937062937062937,0.3706293706293706,0.444055944055944,0.0314685314685314,0.0244755244755244,0.7777777777777778,
breast_cancer_Gen_10_Pop_50,breast_cancer.csv,10,50,withFake,baseline,,baseline_simple,1.0,1.0,,0.0,0.0,0.0,0.253448275862069,0.0523241065706673,0.746551724137931,0.0523241065706672,0.089578104019165,0.0486046968189517,,286.0,10.0,9.0,9.0,0.0,0.0,0.0,target,2.0,0.7027972027972028,True,286.0,9.0,0.8778446951746506,0.2825347499265107,0.4063724379108246,0.8812170285854496,0.9668039815128916,0.5364365817551126,0.6399999952316284,0.9965034965034965,0.993006993006993,0.6391743976791805,0.1797275662280528,0.2657342657342657,0.2657342657342657,0.9857572497432636,0.4335664335664335,,0.2937062937062937,0.3706293706293706,0.444055944055944,0.0314685314685314,0.0244755244755244,0.7777777777777778,
breast_cancer_Gen_10_Pop_50,breast_cancer.csv,10,50,withFake,FEC,farthest_point,farthest_point,0.1,0.9805460168254544,0.5408151505993679,-0.0078342407743497,0.0078342407743495,0.3212810913678286,0.2456140350877192,0.0195163118081464,0.7543859649122806,0.0195163118081464,0.1041083812713622,0.0172809873827582,0.6816484334457106,286.0,10.0,9.0,9.0,0.0,0.0,0.0,target,2.0,0.7027972027972028,True,286.0,9.0,0.8778446951746506,0.2825347499265107,0.4063724379108246,0.8812170285854496,0.9668039815128916,0.5364365817551126,0.6399999952316284,0.9965034965034965,0.993006993006993,0.6391743976791805,0.1797275662280528,0.2657342657342657,0.2657342657342657,0.9857572497432636,0.4335664335664335,,0.2937062937062937,0.3706293706293706,0.444055944055944,0.0314685314685314,0.0244755244755244,0.7777777777777778,
breast_cancer_Gen_10_Pop_50,breast_cancer.csv,10,50,withFake,FEC,farthest_point,farthest_point,0.2,1.0574676640626062,0.3906400660821739,-0.0016938898971567,0.0016938898971566,0.1488845324824352,0.2517543859649122,0.0246708089656583,0.7482456140350877,0.0246708089656583,0.0941328525543212,0.0168863044989967,0.9313584856973196,286.0,10.0,9.0,9.0,0.0,0.0,0.0,target,2.0,0.7027972027972028,True,286.0,9.0,0.8778446951746506,0.2825347499265107,0.4063724379108246,0.8812170285854496,0.9668039815128916,0.5364365817551126,0.6399999952316284,0.9965034965034965,0.993006993006993,0.6391743976791805,0.1797275662280528,0.2657342657342657,0.2657342657342657,0.9857572497432636,0.4335664335664335,,0.2937062937062937,0.3706293706293706,0.444055944055944,0.0314685314685314,0.0244755244755244,0.7777777777777778,
breast_cancer_Gen_10_Pop_50,breast_cancer.csv,10,50,withFake,FEC,farthest_point,farthest_point,0.3,1.0857059357191143,0.3424732730680219,-0.0003781004234725,0.0003781004234725,0.1091140368771682,0.2530701754385964,0.025802747508917,0.7469298245614036,0.025802747508917,0.0931694746017455,0.0164129918552727,0.9847801362513332,286.0,10.0,9.0,9.0,0.0,0.0,0.0,target,2.0,0.7027972027972028,True,286.0,9.0,0.8778446951746506,0.2825347499265107,0.4063724379108246,0.8812170285854496,0.9668039815128916,0.5364365817551126,0.6399999952316284,0.9965034965034965,0.993006993006993,0.6391743976791805,0.1797275662280528,0.2657342657342657,0.2657342657342657,0.9857572497432636,0.4335664335664335,,0.2937062937062937,0.3706293706293706,0.444055944055944,0.0314685314685314,0.0244755244755244,0.7777777777777778,
breast_cancer_Gen_10_Pop_50,breast_cancer.csv,10,50,withFake,FEC,stratified,stratified,0.1,0.9113704369463356,0.6950100093609672,-0.009588626739262,0.0095886267392619,0.4920419318934828,0.2438596491228069,0.017674948841763,0.756140350877193,0.017674948841763,0.1141191959381103,0.0114986057398459,0.6127696886263612,286.0,10.0,9.0,9.0,0.0,0.0,0.0,target,2.0,0.7027972027972028,True,286.0,9.0,0.8778446951746506,0.2825347499265107,0.4063724379108246,0.8812170285854496,0.9668039815128916,0.5364365817551126,0.6399999952316284,0.9965034965034965,0.993006993006993,0.6391743976791805,0.1797275662280528,0.2657342657342657,0.2657342657342657,0.9857572497432636,0.4335664335664335,,0.2937062937062937,0.3706293706293706,0.444055944055944,0.0314685314685314,0.0244755244755244,0.7777777777777778,
breast_cancer_Gen_10_Pop_50,breast_cancer.csv,10,50,withFake,FEC,stratified,stratified,0.2,1.0675958458318917,0.372992093736626,-0.0008166969147005,0.0008166969147005,0.3681028558996951,0.2526315789473684,0.0207767004953105,0.7473684210526316,0.0207767004953105,0.0955707788467406,0.0177416375213153,0.9660167378098004,286.0,10.0,9.0,9.0,0.0,0.0,0.0,target,2.0,0.7027972027972028,True,286.0,9.0,0.8778446951746506,0.2825347499265107,0.4063724379108246,0.8812170285854496,0.9668039815128916,0.5364365817551126,0.6399999952316284,0.9965034965034965,0.993006993006993,0.6391743976791805,0.1797275662280528,0.2657342657342657,0.2657342657342657,0.9857572497432636,0.4335664335664335,,0.2937062937062937,0.3706293706293706,0.444055944055944,0.0314685314685314,0.0244755244755244,0.7777777777777778,
breast_cancer_Gen_10_Pop_50,breast_cancer.csv,10,50,withFake,FEC,stratified,stratified,0.3,1.0397570404799017,0.423839115589094,0.0040078644888081,-0.0040078644888082,0.1954430386072048,0.2574561403508771,0.0135964912280701,0.7425438596491227,0.0135964912280701,0.0980681896209716,0.0219334372517108,0.8283849083287349,286.0,10.0,9.0,9.0,0.0,0.0,0.0,target,2.0,0.7027972027972028,True,286.0,9.0,0.8778446951746506,0.2825347499265107,0.4063724379108246,0.8812170285854496,0.9668039815128916,0.5364365817551126,0.6399999952316284,0.9965034965034965,0.993006993006993,0.6391743976791805,0.1797275662280528,0.2657342657342657,0.2657342657342657,0.9857572497432636,0.4335664335664335,,0.2937062937062937,0.3706293706293706,0.444055944055944,0.0314685314685314,0.0244755244755244,0.7777777777777778,
breast_cancer_Gen_20_Pop_200,breast_cancer.csv,20,200,noFake,baseline,,baseline_simple,1.0,1.0,,0.0,0.0,0.0,0.2758620689655172,0.0587220219514703,0.7241379310344828,0.0587220219514703,0.6278335094451905,0.085139781602628,,286.0,10.0,9.0,9.0,0.0,0.0,0.0,target,2.0,0.7027972027972028,True,286.0,9.0,0.8778446951746506,0.2825347499265107,0.4063724379108246,0.8812170285854496,0.9668039815128916,0.5364365817551126,0.6399999952316284,0.9965034965034965,0.993006993006993,0.6391743976791805,0.1797275662280528,0.2657342657342657,0.2657342657342657,0.9857572497432636,0.4335664335664335,,0.2937062937062937,0.3706293706293706,0.444055944055944,0.0314685314685314,0.0244755244755244,0.7777777777777778,
breast_cancer_Gen_20_Pop_200,breast_cancer.csv,20,200,noFake,FEC,farthest_point,fec_simple_farthest_point,0.1,0.9713787347914784,0.6008466997857973,-0.0398971566848155,0.0398971566848155,,0.2359649122807017,0.0097680076540877,0.7640350877192983,0.0097680076540877,0.6463323593139648,0.1107954148129511,0.2477063527562071,286.0,10.0,9.0,9.0,0.0,0.0,0.0,target,2.0,0.7027972027972028,True,286.0,9.0,0.8778446951746506,0.2825347499265107,0.4063724379108246,0.8812170285854496,0.9668039815128916,0.5364365817551126,0.6399999952316284,0.9965034965034965,0.993006993006993,0.6391743976791805,0.1797275662280528,0.2657342657342657,0.2657342657342657,0.9857572497432636,0.4335664335664335,,0.2937062937062937,0.3706293706293706,0.444055944055944,0.0314685314685314,0.0244755244755244,0.7777777777777778,
breast_cancer_Gen_20_Pop_200,breast_cancer.csv,20,200,noFake,FEC,farthest_point,fec_simple_farthest_point,0.2,0.8837462220562713,0.8131846567127876,-0.0469147005444646,0.0469147005444646,,0.2289473684210525,0.0051148700831975,0.7710526315789474,0.0051148700831976,0.7104228496551513,0.1501244378392703,0.185578949084198,286.0,10.0,9.0,9.0,0.0,0.0,0.0,target,2.0,0.7027972027972028,True,286.0,9.0,0.8778446951746506,0.2825347499265107,0.4063724379108246,0.8812170285854496,0.9668039815128916,0.5364365817551126,0.6399999952316284,0.9965034965034965,0.993006993006993,0.6391743976791805,0.1797275662280528,0.2657342657342657,0.2657342657342657,0.9857572497432636,0.4335664335664335,,0.2937062937062937,0.3706293706293706,0.444055944055944,0.0314685314685314,0.0244755244755244,0.7777777777777778,
breast_cancer_Gen_20_Pop_200,breast_cancer.csv,20,200,noFake,FEC,farthest_point,fec_simple_farthest_point,0.3,0.9432386471419918,0.7067821275403856,-0.0504234724742892,0.0504234724742891,,0.225438596491228,0.0165508440913274,0.7745614035087719,0.0165508440913273,0.6656147003173828,0.1023667212227668,0.1638800229904264,286.0,10.0,9.0,9.0,0.0,0.0,0.0,target,2.0,0.7027972027972028,True,286.0,9.0,0.8778446951746506,0.2825347499265107,0.4063724379108246,0.8812170285854496,0.9668039815128916,0.5364365817551126,0.6399999952316284,0.9965034965034965,0.993006993006993,0.6391743976791805,0.1797275662280528,0.2657342657342657,0.2657342657342657,0.9857572497432636,0.4335664335664335,,0.2937062937062937,0.3706293706293706,0.444055944055944,0.0314685314685314,0.0244755244755244,0.7777777777777778,
breast_cancer_Gen_20_Pop_200,breast_cancer.csv,20,200,noFake,FEC,stratified,fec_simple_stratified,0.1,1.07131708240281,0.2508446610844034,-0.0267392619479734,0.0267392619479733,,0.2491228070175438,0.0162695061324486,0.7508771929824561,0.0162695061324486,0.5860389232635498,0.0828693796826558,0.4235038364125859,286.0,10.0,9.0,9.0,0.0,0.0,0.0,target,2.0,0.7027972027972028,True,286.0,9.0,0.8778446951746506,0.2825347499265107,0.4063724379108246,0.8812170285854496,0.9668039815128916,0.5364365817551126,0.6399999952316284,0.9965034965034965,0.993006993006993,0.6391743976791805,0.1797275662280528,0.2657342657342657,0.2657342657342657,0.9857572497432636,0.4335664335664335,,0.2937062937062937,0.3706293706293706,0.444055944055944,0.0314685314685314,0.0244755244755244,0.7777777777777778,
breast_cancer_Gen_20_Pop_200,breast_cancer.csv,20,200,noFake,FEC,stratified,fec_simple_stratified,0.2,1.1042512836963747,0.2057924576278613,-0.0328796128251663,0.0328796128251663,,0.2429824561403508,0.013187102086292,0.7570175438596491,0.013187102086292,0.5685603618621826,0.106673558777565,0.3307083052467024,286.0,10.0,9.0,9.0,0.0,0.0,0.0,target,2.0,0.7027972027972028,True,286.0,9.0,0.8778446951746506,0.2825347499265107,0.4063724379108246,0.8812170285854496,0.9668039815128916,0.5364365817551126,0.6399999952316284,0.9965034965034965,0.993006993006993,0.6391743976791805,0.1797275662280528,0.2657342657342657,0.2657342657342657,0.9857572497432636,0.4335664335664335,,0.2937062937062937,0.3706293706293706,0.444055944055944,0.0314685314685314,0.0244755244755244,0.7777777777777778,
breast_cancer_Gen_20_Pop_200,breast_cancer.csv,20,200,noFake,FEC,stratified,fec_simple_stratified,0.3,1.027704641389732,0.4216852510211741,-0.0390199637023594,0.0390199637023593,,0.2368421052631578,0.0078458525526307,0.7631578947368421,0.0078458525526308,0.6109085083007812,0.1409764620504454,0.2558837527198344,286.0,10.0,9.0,9.0,0.0,0.0,0.0,target,2.0,0.7027972027972028,True,286.0,9.0,0.8778446951746506,0.2825347499265107,0.4063724379108246,0.8812170285854496,0.9668039815128916,0.5364365817551126,0.6399999952316284,0.9965034965034965,0.993006993006993,0.6391743976791805,0.1797275662280528,0.2657342657342657,0.2657342657342657,0.9857572497432636,0.4335664335664335,,0.2937062937062937,0.3706293706293706,0.444055944055944,0.0314685314685314,0.0244755244755244,0.7777777777777778,
breast_cancer_Gen_20_Pop_200,breast_cancer.csv,20,200,withFake,baseline,,baseline_simple,1.0,1.0,,0.0,0.0,0.0,0.2758620689655172,0.0587220219514703,0.7241379310344828,0.0587220219514703,0.6278335094451905,0.085139781602628,,286.0,10.0,9.0,9.0,0.0,0.0,0.0,target,2.0,0.7027972027972028,True,286.0,9.0,0.8778446951746506,0.2825347499265107,0.4063724379108246,0.8812170285854496,0.9668039815128916,0.5364365817551126,0.6399999952316284,0.9965034965034965,0.993006993006993,0.6391743976791805,0.1797275662280528,0.2657342657342657,0.2657342657342657,0.9857572497432636,0.4335664335664335,,0.2937062937062937,0.3706293706293706,0.444055944055944,0.0314685314685314,0.0244755244755244,0.7777777777777778,
breast_cancer_Gen_20_Pop_200,breast_cancer.csv,20,200,withFake,FEC,farthest_point,fec_simple_farthest_point,0.1,0.7859713490755463,0.9939491929949956,-0.0363883847549909,0.0363883847549909,,0.2394736842105262,0.0113018409883553,0.7605263157894737,0.0113018409883553,0.932060480117798,0.0440156794697119,0.2862014850392459,286.0,10.0,9.0,9.0,0.0,0.0,0.0,target,2.0,0.7027972027972028,True,286.0,9.0,0.8778446951746506,0.2825347499265107,0.4063724379108246,0.8812170285854496,0.9668039815128916,0.5364365817551126,0.6399999952316284,0.9965034965034965,0.993006993006993,0.6391743976791805,0.1797275662280528,0.2657342657342657,0.2657342657342657,0.9857572497432636,0.4335664335664335,,0.2937062937062937,0.3706293706293706,0.444055944055944,0.0314685314685314,0.0244755244755244,0.7777777777777778,
breast_cancer_Gen_20_Pop_200,breast_cancer.csv,20,200,withFake,FEC,farthest_point,fec_simple_farthest_point,0.2,0.8775137909173866,0.8774270812467075,-0.0372655777374471,0.0372655777374469,,0.2385964912280701,0.0094476575563763,0.7614035087719297,0.0094476575563763,0.8116333484649658,0.1235514438300322,0.2752981990945641,286.0,10.0,9.0,9.0,0.0,0.0,0.0,target,2.0,0.7027972027972028,True,286.0,9.0,0.8778446951746506,0.2825347499265107,0.4063724379108246,0.8812170285854496,0.9668039815128916,0.5364365817551126,0.6399999952316284,0.9965034965034965,0.993006993006993,0.6391743976791805,0.1797275662280528,0.2657342657342657,0.2657342657342657,0.9857572497432636,0.4335664335664335,,0.2937062937062937,0.3706293706293706,0.444055944055944,0.0314685314685314,0.0244755244755244,0.7777777777777778,
breast_cancer_Gen_20_Pop_200,breast_cancer.csv,20,200,withFake,FEC,farthest_point,fec_simple_farthest_point,0.3,0.7981073209840673,0.9856689028833884,-0.049546279491833,0.0495462794918331,,0.2263157894736841,0.0109561368392954,0.7736842105263159,0.0109561368392954,0.890622329711914,0.0993479022804961,0.1678278584012918,286.0,10.0,9.0,9.0,0.0,0.0,0.0,target,2.0,0.7027972027972028,True,286.0,9.0,0.8778446951746506,0.2825347499265107,0.4063724379108246,0.8812170285854496,0.9668039815128916,0.5364365817551126,0.6399999952316284,0.9965034965034965,0.993006993006993,0.6391743976791805,0.1797275662280528,0.2657342657342657,0.2657342657342657,0.9857572497432636,0.4335664335664335,,0.2937062937062937,0.3706293706293706,0.444055944055944,0.0314685314685314,0.0244755244755244,0.7777777777777778,
breast_cancer_Gen_20_Pop_200,breast_cancer.csv,20,200,withFake,FEC,stratified,fec_simple_stratified,0.1,0.7775051271513546,0.9919739443246046,-0.0223532970356927,0.0223532970356926,,0.2535087719298245,0.0105263157894736,0.7464912280701754,0.0105263157894736,0.968204927444458,0.0946884019588215,0.4929243799274923,286.0,10.0,9.0,9.0,0.0,0.0,0.0,target,2.0,0.7027972027972028,True,286.0,9.0,0.8778446951746506,0.2825347499265107,0.4063724379108246,0.8812170285854496,0.9668039815128916,0.5364365817551126,0.6399999952316284,0.9965034965034965,0.993006993006993,0.6391743976791805,0.1797275662280528,0.2657342657342657,0.2657342657342657,0.9857572497432636,0.4335664335664335,,0.2937062937062937,0.3706293706293706,0.444055944055944,0.0314685314685314,0.0244755244755244,0.7777777777777778,
breast_cancer_Gen_20_Pop_200,breast_cancer.csv,20,200,withFake,FEC,stratified,fec_simple_stratified,0.2,0.8630798822372403,0.8434712824132691,-0.0416515426497277,0.0416515426497278,,0.2342105263157894,0.0143065845879825,0.7657894736842106,0.0143065845879825,0.8396469116210937,0.1916925927632702,0.2330511076591885,286.0,10.0,9.0,9.0,0.0,0.0,0.0,target,2.0,0.7027972027972028,True,286.0,9.0,0.8778446951746506,0.2825347499265107,0.4063724379108246,0.8812170285854496,0.9668039815128916,0.5364365817551126,0.6399999952316284,0.9965034965034965,0.993006993006993,0.6391743976791805,0.1797275662280528,0.2657342657342657,0.2657342657342657,0.9857572497432636,0.4335664335664335,,0.2937062937062937,0.3706293706293706,0.444055944055944,0.0314685314685314,0.0244755244755244,0.7777777777777778,
breast_cancer_Gen_20_Pop_200,breast_cancer.csv,20,200,withFake,FEC,stratified,fec_simple_stratified,0.3,0.7102401342279246,0.9942155542257596,-0.0574410163339383,0.0574410163339382,,0.2184210526315789,0.0122178844536702,0.781578947368421,0.0122178844536703,1.0213438510894777,0.1411265622483731,0.1222723618287973,286.0,10.0,9.0,9.0,0.0,0.0,0.0,target,2.0,0.7027972027972028,True,286.0,9.0,0.8778446951746506,0.2825347499265107,0.4063724379108246,0.8812170285854496,0.9668039815128916,0.5364365817551126,0.6399999952316284,0.9965034965034965,0.993006993006993,0.6391743976791805,0.1797275662280528,0.2657342657342657,0.2657342657342657,0.9857572497432636,0.4335664335664335,,0.2937062937062937,0.3706293706293706,0.444055944055944,0.0314685314685314,0.0244755244755244,0.7777777777777778,
breast_cancer_Gen_50_Pop_500,breast_cancer.csv,50,500,noFake,baseline,,baseline_simple,1.0,1.0,,0.0,0.0,0.0,0.2620689655172413,0.0402873153294756,0.7379310344827587,0.0402873153294756,8.508354592323304,4.369295830160978,,286.0,10.0,9.0,9.0,0.0,0.0,0.0,target,2.0,0.7027972027972028,True,286.0,9.0,0.8778446951746506,0.2825347499265107,0.4063724379108246,0.8812170285854496,0.9668039815128916,0.5364365817551126,0.6399999952316284,0.9965034965034965,0.993006993006993,0.6391743976791805,0.1797275662280528,0.2657342657342657,0.2657342657342657,0.9857572497432636,0.4335664335664335,,0.2937062937062937,0.3706293706293706,0.444055944055944,0.0314685314685314,0.0244755244755244,0.7777777777777778,
breast_cancer_Gen_50_Pop_500,breast_cancer.csv,50,500,noFake,FEC,farthest_point,fec_simple_farthest_point,0.1,1.4754571641603575,0.0092405441893102,-0.0326830006049606,0.0326830006049606,0.0,0.2293859649122807,0.0137372454064612,0.7706140350877193,0.0137372454064612,5.7665886878967285,1.8659196999310572,0.0027545080672521,286.0,10.0,9.0,9.0,0.0,0.0,0.0,target,2.0,0.7027972027972028,True,286.0,9.0,0.8778446951746506,0.2825347499265107,0.4063724379108246,0.8812170285854496,0.9668039815128916,0.5364365817551126,0.6399999952316284,0.9965034965034965,0.993006993006993,0.6391743976791805,0.1797275662280528,0.2657342657342657,0.2657342657342657,0.9857572497432636,0.4335664335664335,,0.2937062937062937,0.3706293706293706,0.444055944055944,0.0314685314685314,0.0244755244755244,0.7777777777777778,
breast_cancer_Gen_50_Pop_500,breast_cancer.csv,50,500,noFake,FEC,farthest_point,fec_simple_farthest_point,0.2,1.2776624094198623,0.0604452184978867,-0.041235632183908,0.041235632183908,0.0,0.2208333333333332,0.0160117757335717,0.7791666666666667,0.0160117757335717,6.659313547611236,2.5345494971405587,0.0003434573787554,286.0,10.0,9.0,9.0,0.0,0.0,0.0,target,2.0,0.7027972027972028,True,286.0,9.0,0.8778446951746506,0.2825347499265107,0.4063724379108246,0.8812170285854496,0.9668039815128916,0.5364365817551126,0.6399999952316284,0.9965034965034965,0.993006993006993,0.6391743976791805,0.1797275662280528,0.2657342657342657,0.2657342657342657,0.9857572497432636,0.4335664335664335,,0.2937062937062937,0.3706293706293706,0.444055944055944,0.0314685314685314,0.0244755244755244,0.7777777777777778,
breast_cancer_Gen_50_Pop_500,breast_cancer.csv,50,500,noFake,FEC,farthest_point,fec_simple_farthest_point,0.3,1.0530301616280748,0.3916595965027501,-0.0425514216575922,0.0425514216575921,0.0,0.2195175438596491,0.0108746283054539,0.7804824561403508,0.0108746283054539,8.079877388477325,5.135281981801605,0.000208359574211,286.0,10.0,9.0,9.0,0.0,0.0,0.0,target,2.0,0.7027972027972028,True,286.0,9.0,0.8778446951746506,0.2825347499265107,0.4063724379108246,0.8812170285854496,0.9668039815128916,0.5364365817551126,0.6399999952316284,0.9965034965034965,0.993006993006993,0.6391743976791805,0.1797275662280528,0.2657342657342657,0.2657342657342657,0.9857572497432636,0.4335664335664335,,0.2937062937062937,0.3706293706293706,0.444055944055944,0.0314685314685314,0.0244755244755244,0.7777777777777778,
breast_cancer_Gen_50_Pop_500,breast_cancer.csv,50,500,noFake,FEC,stratified,fec_simple_stratified,0.1,1.661033255673268,0.0024497880260616,-0.0208408953418028,0.0208408953418027,0.0,0.2412280701754385,0.0119311144813468,0.7587719298245614,0.0119311144813468,5.122326457500458,2.0151457597106623,0.0415993097523499,286.0,10.0,9.0,9.0,0.0,0.0,0.0,target,2.0,0.7027972027972028,True,286.0,9.0,0.8778446951746506,0.2825347499265107,0.4063724379108246,0.8812170285854496,0.9668039815128916,0.5364365817551126,0.6399999952316284,0.9965034965034965,0.993006993006993,0.6391743976791805,0.1797275662280528,0.2657342657342657,0.2657342657342657,0.9857572497432636,0.4335664335664335,,0.2937062937062937,0.3706293706293706,0.444055944055944,0.0314685314685314,0.0244755244755244,0.7777777777777778,
breast_cancer_Gen_50_Pop_500,breast_cancer.csv,50,500,noFake,FEC,stratified,fec_simple_stratified,0.2,1.3741634220244916,0.0205462418362129,-0.0372882637628554,0.0372882637628554,0.0,0.2247807017543859,0.014930007523566,0.7752192982456141,0.014930007523566,6.191661381721497,1.6875581810607825,0.0009040290113865,286.0,10.0,9.0,9.0,0.0,0.0,0.0,target,2.0,0.7027972027972028,True,286.0,9.0,0.8778446951746506,0.2825347499265107,0.4063724379108246,0.8812170285854496,0.9668039815128916,0.5364365817551126,0.6399999952316284,0.9965034965034965,0.993006993006993,0.6391743976791805,0.1797275662280528,0.2657342657342657,0.2657342657342657,0.9857572497432636,0.4335664335664335,,0.2937062937062937,0.3706293706293706,0.444055944055944,0.0314685314685314,0.0244755244755244,0.7777777777777778,
breast_cancer_Gen_50_Pop_500,breast_cancer.csv,50,500,noFake,FEC,stratified,fec_simple_stratified,0.3,1.301662630565614,0.0445396248754834,-0.0405777374470659,0.0405777374470659,0.0,0.2214912280701753,0.0143133060281409,0.7785087719298246,0.0143133060281409,6.536528277397156,2.169901415561543,0.0003798659736259,286.0,10.0,9.0,9.0,0.0,0.0,0.0,target,2.0,0.7027972027972028,True,286.0,9.0,0.8778446951746506,0.2825347499265107,0.4063724379108246,0.8812170285854496,0.9668039815128916,0.5364365817551126,0.6399999952316284,0.9965034965034965,0.993006993006993,0.6391743976791805,0.1797275662280528,0.2657342657342657,0.2657342657342657,0.9857572497432636,0.4335664335664335,,0.2937062937062937,0.3706293706293706,0.444055944055944,0.0314685314685314,0.0244755244755244,0.7777777777777778,
breast_cancer_Gen_50_Pop_500,breast_cancer.csv,50,500,withFake,baseline,,baseline_simple,1.0,1.0,,0.0,0.0,0.0,0.2620689655172413,0.0402873153294756,0.7379310344827587,0.0402873153294756,8.508354592323304,4.369295830160978,,286.0,10.0,9.0,9.0,0.0,0.0,0.0,target,2.0,0.7027972027972028,True,286.0,9.0,0.8778446951746506,0.2825347499265107,0.4063724379108246,0.8812170285854496,0.9668039815128916,0.5364365817551126,0.6399999952316284,0.9965034965034965,0.993006993006993,0.6391743976791805,0.1797275662280528,0.2657342657342657,0.2657342657342657,0.9857572497432636,0.4335664335664335,,0.2937062937062937,0.3706293706293706,0.444055944055944,0.0314685314685314,0.0244755244755244,0.7777777777777778,
breast_cancer_Gen_50_Pop_500,breast_cancer.csv,50,500,withFake,FEC,farthest_point,fec_simple_farthest_point,0.1,1.4046921650159518,0.0157584147362921,-0.0344373865698729,0.0344373865698729,0.512323266212191,0.2276315789473683,0.0123197999168316,0.7723684210526316,0.0123197999168317,7.393533873558044,2.0262899372199565,0.0016928722262971,286.0,10.0,9.0,9.0,0.0,0.0,0.0,target,2.0,0.7027972027972028,True,286.0,9.0,0.8778446951746506,0.2825347499265107,0.4063724379108246,0.8812170285854496,0.9668039815128916,0.5364365817551126,0.6399999952316284,0.9965034965034965,0.993006993006993,0.6391743976791805,0.1797275662280528,0.2657342657342657,0.2657342657342657,0.9857572497432636,0.4335664335664335,,0.2937062937062937,0.3706293706293706,0.444055944055944,0.0314685314685314,0.0244755244755244,0.7777777777777778,
breast_cancer_Gen_50_Pop_500,breast_cancer.csv,50,500,withFake,FEC,farthest_point,fec_simple_farthest_point,0.2,1.1322996725461802,0.2130828854786161,-0.0392619479733817,0.0392619479733816,0.2500785475871723,0.2228070175438596,0.0117360422458417,0.7771929824561403,0.0117360422458417,8.80694521665573,3.569020798363554,0.0004906364905546,286.0,10.0,9.0,9.0,0.0,0.0,0.0,target,2.0,0.7027972027972028,True,286.0,9.0,0.8778446951746506,0.2825347499265107,0.4063724379108246,0.8812170285854496,0.9668039815128916,0.5364365817551126,0.6399999952316284,0.9965034965034965,0.993006993006993,0.6391743976791805,0.1797275662280528,0.2657342657342657,0.2657342657342657,0.9857572497432636,0.4335664335664335,,0.2937062937062937,0.3706293706293706,0.444055944055944,0.0314685314685314,0.0244755244755244,0.7777777777777778,
breast_cancer_Gen_50_Pop_500,breast_cancer.csv,50,500,withFake,FEC,farthest_point,fec_simple_farthest_point,0.3,1.1461422376448365,0.1668063264890642,-0.0458408953418027,0.0458408953418026,0.1281666366411199,0.2162280701754385,0.0120194645667059,0.7837719298245613,0.0120194645667058,8.542027819156647,2.230681858279965,9.234938928722663e-05,286.0,10.0,9.0,9.0,0.0,0.0,0.0,target,2.0,0.7027972027972028,True,286.0,9.0,0.8778446951746506,0.2825347499265107,0.4063724379108246,0.8812170285854496,0.9668039815128916,0.5364365817551126,0.6399999952316284,0.9965034965034965,0.993006993006993,0.6391743976791805,0.1797275662280528,0.2657342657342657,0.2657342657342657,0.9857572497432636,0.4335664335664335,,0.2937062937062937,0.3706293706293706,0.444055944055944,0.0314685314685314,0.0244755244755244,0.7777777777777778,
breast_cancer_Gen_50_Pop_500,breast_cancer.csv,50,500,withFake,FEC,stratified,fec_simple_stratified,0.1,1.3631973577885526,0.0256970809985799,-0.0204022988505747,0.0204022988505746,0.6407188035428353,0.2416666666666666,0.0132960582379158,0.7583333333333333,0.0132960582379158,7.708952605724335,2.5214215824149537,0.0472171656918546,286.0,10.0,9.0,9.0,0.0,0.0,0.0,target,2.0,0.7027972027972028,True,286.0,9.0,0.8778446951746506,0.2825347499265107,0.4063724379108246,0.8812170285854496,0.9668039815128916,0.5364365817551126,0.6399999952316284,0.9965034965034965,0.993006993006993,0.6391743976791805,0.1797275662280528,0.2657342657342657,0.2657342657342657,0.9857572497432636,0.4335664335664335,,0.2937062937062937,0.3706293706293706,0.444055944055944,0.0314685314685314,0.0244755244755244,0.7777777777777778,
breast_cancer_Gen_50_Pop_500,breast_cancer.csv,50,500,withFake,FEC,stratified,fec_simple_stratified,0.2,1.0058628679296175,0.4870637047349208,-0.0344373865698729,0.0344373865698729,0.5035995332869518,0.2276315789473684,0.0142053813514926,0.7723684210526316,0.0142053813514926,10.131154263019562,5.848580259377699,0.0018080153119911,286.0,10.0,9.0,9.0,0.0,0.0,0.0,target,2.0,0.7027972027972028,True,286.0,9.0,0.8778446951746506,0.2825347499265107,0.4063724379108246,0.8812170285854496,0.9668039815128916,0.5364365817551126,0.6399999952316284,0.9965034965034965,0.993006993006993,0.6391743976791805,0.1797275662280528,0.2657342657342657,0.2657342657342657,0.9857572497432636,0.4335664335664335,,0.2937062937062937,0.3706293706293706,0.444055944055944,0.0314685314685314,0.0244755244755244,0.7777777777777778,
breast_cancer_Gen_50_Pop_500,breast_cancer.csv,50,500,withFake,FEC,stratified,fec_simple_stratified,0.3,1.2097296951880434,0.1224052819397696,-0.0377268602540834,0.0377268602540834,0.3972881640654589,0.2243421052631578,0.0127325248833287,0.7756578947368421,0.0127325248833287,8.331258153915405,3.773964527394481,0.0007464493918379,286.0,10.0,9.0,9.0,0.0,0.0,0.0,target,2.0,0.7027972027972028,True,286.0,9.0,0.8778446951746506,0.2825347499265107,0.4063724379108246,0.8812170285854496,0.9668039815128916,0.5364365817551126,0.6399999952316284,0.9965034965034965,0.993006993006993,0.6391743976791805,0.1797275662280528,0.2657342657342657,0.2657342657342657,0.9857572497432636,0.4335664335664335,,0.2937062937062937,0.3706293706293706,0.444055944055944,0.0314685314685314,0.0244755244755244,0.7777777777777778,
